{"actions": [{"COMMAND": null, "RESPONSE": null}, {"COMMAND": "[1713097408.143][INFO]: [99865d788e1a7f6f89ecedc9f402efa3] COMMAND InitSession {\n   \"capabilities\": {\n      \"firstMatch\": [ {\n         \"browserName\": \"chrome\",\n         \"goog:chromeOptions\": {\n            \"args\": [ \"start-maximized\", \"--disable-blink-features=AutomationControlled\" ],\n            \"extensions\": [  ]\n         },\n         \"goog:loggingPrefs\": {\n            \"browser\": \"ALL\",\n            \"driver\": \"ALL\"\n         }\n      } ]\n   }\n}\n", "RESPONSE": "[1713097409.230][INFO]: [99865d788e1a7f6f89ecedc9f402efa3] RESPONSE InitSession {\n   \"capabilities\": {\n      \"acceptInsecureCerts\": false,\n      \"browserName\": \"chrome\",\n      \"browserVersion\": \"123.0.6312.122\",\n      \"chrome\": {\n         \"chromedriverVersion\": \"123.0.6312.122 (31f8248cdd90acbac59f700b603fed0b5967ca50-refs/branch-heads/6312@{#824})\",\n         \"userDataDir\": \"C:\\\\Users\\\\VISU\\\\AppData\\\\Local\\\\Temp\\\\scoped_dir25596_537522810\"\n      },\n      \"fedcm:accounts\": true,\n      \"goog:chromeOptions\": {\n         \"debuggerAddress\": \"localhost:49300\"\n      },\n      \"networkConnectionEnabled\": false,\n      \"pageLoadStrategy\": \"normal\",\n      \"platformName\": \"windows\",\n      \"proxy\": {\n      },\n      \"setWindowRect\": true,\n      \"strictFileInteractability\": false,\n      \"timeouts\": {\n         \"implicit\": 0,\n         \"pageLoad\": 300000,\n         \"script\": 30000\n      },\n      \"unhandledPromptBehavior\": \"dismiss and notify\",\n      \"webauthn:extension:credBlob\": true,\n      \"webauthn:extension:largeBlob\": true,\n      \"webauthn:extension:minPinLength\": true,\n      \"webauthn:extension:prf\": true,\n      \"webauthn:virtualAuthenticators\": true\n   },\n   \"sessionId\": \"99865d788e1a7f6f89ecedc9f402efa3\"\n}\n"}, {"COMMAND": "[1713097409.614][INFO]: [99865d788e1a7f6f89ecedc9f402efa3] COMMAND MaximizeWindow {\n}\n", "RESPONSE": "[1713097409.620][INFO]: [99865d788e1a7f6f89ecedc9f402efa3] RESPONSE MaximizeWindow {\n   \"height\": 832,\n   \"width\": 1552,\n   \"x\": -8,\n   \"y\": -8\n}\n"}, {"COMMAND": "[1713097409.631][INFO]: [99865d788e1a7f6f89ecedc9f402efa3] COMMAND Navigate {\n   \"url\": \"https://www.makemytrip.com/\"\n}\n", "RESPONSE": "[1713097411.708][INFO]: [99865d788e1a7f6f89ecedc9f402efa3] RESPONSE Navigate\n"}, {"COMMAND": "[1713097411.714][INFO]: [99865d788e1a7f6f89ecedc9f402efa3] COMMAND GetUrl {\n}\n", "RESPONSE": "[1713097412.164][INFO]: [99865d788e1a7f6f89ecedc9f402efa3] RESPONSE GetUrl \"https://www.makemytrip.com/\"\n"}, {"COMMAND": "[1713097412.180][INFO]: [99865d788e1a7f6f89ecedc9f402efa3] COMMAND FindElement {\n   \"using\": \"css selector\",\n   \"value\": \"#fromCity\"\n}\n", "RESPONSE": "[1713097412.353][INFO]: [99865d788e1a7f6f89ecedc9f402efa3] RESPONSE FindElement ERROR no such element: Unable to locate element: {\"method\":\"css selector\",\"selector\":\"#fromCity\"}\n  (Session info: chrome=123.0.6312.122)\n"}, {"COMMAND": "[1713097412.899][INFO]: [99865d788e1a7f6f89ecedc9f402efa3] COMMAND FindElement {\n   \"using\": \"css selector\",\n   \"value\": \"#fromCity\"\n}\n", "RESPONSE": "[1713097413.104][INFO]: [99865d788e1a7f6f89ecedc9f402efa3] RESPONSE FindElement {\n   \"element-6066-11e4-a52e-4f735466cecf\": \"f.5DF2F2973ACC03D09B251614BD02D072.d.D7F4F9D266E43F43387403FA07F70C9C.e.54\"\n}\n"}, {"COMMAND": "[1713097413.237][INFO]: [99865d788e1a7f6f89ecedc9f402efa3] COMMAND FindElement {\n   \"using\": \"css selector\",\n   \"value\": \"#fromCity\"\n}\n", "RESPONSE": "[1713097413.252][INFO]: [99865d788e1a7f6f89ecedc9f402efa3] RESPONSE FindElement {\n   \"element-6066-11e4-a52e-4f735466cecf\": \"f.5DF2F2973ACC03D09B251614BD02D072.d.D7F4F9D266E43F43387403FA07F70C9C.e.54\"\n}\n"}, {"COMMAND": "[1713097413.263][INFO]: [99865d788e1a7f6f89ecedc9f402efa3] COMMAND ClickElement {\n   \"id\": \"f.5DF2F2973ACC03D09B251614BD02D072.d.D7F4F9D266E43F43387403FA07F70C9C.e.54\"\n}\n", "RESPONSE": "[1713097413.451][INFO]: [99865d788e1a7f6f89ecedc9f402efa3] RESPONSE ClickElement\n"}, {"COMMAND": "[1713097413.456][INFO]: [99865d788e1a7f6f89ecedc9f402efa3] COMMAND FindElement {\n   \"using\": \"xpath\",\n   \"value\": \"//input[@placeholder='From']\"\n}\n", "RESPONSE": "[1713097413.480][INFO]: [99865d788e1a7f6f89ecedc9f402efa3] RESPONSE FindElement {\n   \"element-6066-11e4-a52e-4f735466cecf\": \"f.5DF2F2973ACC03D09B251614BD02D072.d.D7F4F9D266E43F43387403FA07F70C9C.e.79\"\n}\n"}, {"COMMAND": "[1713097413.489][INFO]: [99865d788e1a7f6f89ecedc9f402efa3] COMMAND TypeElement {\n   \"id\": \"f.5DF2F2973ACC03D09B251614BD02D072.d.D7F4F9D266E43F43387403FA07F70C9C.e.79\",\n   \"text\": \"blr\",\n   \"value\": [ \"b\", \"l\", \"r\" ]\n}\n", "RESPONSE": "[1713097413.634][INFO]: [99865d788e1a7f6f89ecedc9f402efa3] RESPONSE TypeElement\n"}, {"COMMAND": "[1713097413.641][INFO]: [99865d788e1a7f6f89ecedc9f402efa3] COMMAND FindElement {\n   \"using\": \"xpath\",\n   \"value\": \"//ul[@class='react-autosuggest__suggestions-list']/li[1]/div/div/p/span[2]\"\n}\n", "RESPONSE": "[1713097413.662][INFO]: [99865d788e1a7f6f89ecedc9f402efa3] RESPONSE FindElement ERROR no such element: Unable to locate element: {\"method\":\"xpath\",\"selector\":\"//ul[@class='react-autosuggest__suggestions-list']/li[1]/div/div/p/span[2]\"}\n  (Session info: chrome=123.0.6312.122)\n"}, {"COMMAND": "[1713097414.181][INFO]: [99865d788e1a7f6f89ecedc9f402efa3] COMMAND FindElement {\n   \"using\": \"xpath\",\n   \"value\": \"//ul[@class='react-autosuggest__suggestions-list']/li[1]/div/div/p/span[2]\"\n}\n", "RESPONSE": "[1713097414.209][INFO]: [99865d788e1a7f6f89ecedc9f402efa3] RESPONSE FindElement {\n   \"element-6066-11e4-a52e-4f735466cecf\": \"f.5DF2F2973ACC03D09B251614BD02D072.d.D7F4F9D266E43F43387403FA07F70C9C.e.90\"\n}\n"}, {"COMMAND": "[1713097414.258][INFO]: [99865d788e1a7f6f89ecedc9f402efa3] COMMAND GetElementText {\n   \"id\": \"f.5DF2F2973ACC03D09B251614BD02D072.d.D7F4F9D266E43F43387403FA07F70C9C.e.90\"\n}\n", "RESPONSE": "[1713097414.277][INFO]: [99865d788e1a7f6f89ecedc9f402efa3] RESPONSE GetElementText \"BLR\"\n"}, {"COMMAND": "[1713097414.281][INFO]: [99865d788e1a7f6f89ecedc9f402efa3] COMMAND FindElement {\n   \"using\": \"xpath\",\n   \"value\": \"//ul[@class='react-autosuggest__suggestions-list']/li[1]\"\n}\n", "RESPONSE": "[1713097414.298][INFO]: [99865d788e1a7f6f89ecedc9f402efa3] RESPONSE FindElement {\n   \"element-6066-11e4-a52e-4f735466cecf\": \"f.5DF2F2973ACC03D09B251614BD02D072.d.D7F4F9D266E43F43387403FA07F70C9C.e.91\"\n}\n"}, {"COMMAND": "[1713097414.303][INFO]: [99865d788e1a7f6f89ecedc9f402efa3] COMMAND ClickElement {\n   \"id\": \"f.5DF2F2973ACC03D09B251614BD02D072.d.D7F4F9D266E43F43387403FA07F70C9C.e.91\"\n}\n", "RESPONSE": "[1713097414.440][INFO]: [99865d788e1a7f6f89ecedc9f402efa3] RESPONSE ClickElement\n"}, {"COMMAND": "[1713097414.446][INFO]: [99865d788e1a7f6f89ecedc9f402efa3] COMMAND FindElement {\n   \"using\": \"css selector\",\n   \"value\": \"#toCity\"\n}\n", "RESPONSE": "[1713097414.467][INFO]: [99865d788e1a7f6f89ecedc9f402efa3] RESPONSE FindElement {\n   \"element-6066-11e4-a52e-4f735466cecf\": \"f.5DF2F2973ACC03D09B251614BD02D072.d.D7F4F9D266E43F43387403FA07F70C9C.e.56\"\n}\n"}, {"COMMAND": "[1713097414.473][INFO]: [99865d788e1a7f6f89ecedc9f402efa3] COMMAND ClickElement {\n   \"id\": \"f.5DF2F2973ACC03D09B251614BD02D072.d.D7F4F9D266E43F43387403FA07F70C9C.e.56\"\n}\n", "RESPONSE": "[1713097414.635][INFO]: [99865d788e1a7f6f89ecedc9f402efa3] RESPONSE ClickElement\n"}, {"COMMAND": "[1713097414.644][INFO]: [99865d788e1a7f6f89ecedc9f402efa3] COMMAND FindElement {\n   \"using\": \"xpath\",\n   \"value\": \"//input[@placeholder='To']\"\n}\n", "RESPONSE": "[1713097414.681][INFO]: [99865d788e1a7f6f89ecedc9f402efa3] RESPONSE FindElement {\n   \"element-6066-11e4-a52e-4f735466cecf\": \"f.5DF2F2973ACC03D09B251614BD02D072.d.D7F4F9D266E43F43387403FA07F70C9C.e.101\"\n}\n"}, {"COMMAND": "[1713097414.692][INFO]: [99865d788e1a7f6f89ecedc9f402efa3] COMMAND TypeElement {\n   \"id\": \"f.5DF2F2973ACC03D09B251614BD02D072.d.D7F4F9D266E43F43387403FA07F70C9C.e.101\",\n   \"text\": \"del\",\n   \"value\": [ \"d\", \"e\", \"l\" ]\n}\n", "RESPONSE": "[1713097414.752][INFO]: [99865d788e1a7f6f89ecedc9f402efa3] RESPONSE TypeElement\n"}, {"COMMAND": "[1713097414.757][INFO]: [99865d788e1a7f6f89ecedc9f402efa3] COMMAND FindElement {\n   \"using\": \"xpath\",\n   \"value\": \"//ul[@class='react-autosuggest__suggestions-list']/li[1]/div/div/p/span[2]\"\n}\n", "RESPONSE": "[1713097414.768][INFO]: [99865d788e1a7f6f89ecedc9f402efa3] RESPONSE FindElement ERROR no such element: Unable to locate element: {\"method\":\"xpath\",\"selector\":\"//ul[@class='react-autosuggest__suggestions-list']/li[1]/div/div/p/span[2]\"}\n  (Session info: chrome=123.0.6312.122)\n"}, {"COMMAND": "[1713097415.287][INFO]: [99865d788e1a7f6f89ecedc9f402efa3] COMMAND FindElement {\n   \"using\": \"xpath\",\n   \"value\": \"//ul[@class='react-autosuggest__suggestions-list']/li[1]/div/div/p/span[2]\"\n}\n", "RESPONSE": "[1713097415.298][INFO]: [99865d788e1a7f6f89ecedc9f402efa3] RESPONSE FindElement {\n   \"element-6066-11e4-a52e-4f735466cecf\": \"f.5DF2F2973ACC03D09B251614BD02D072.d.D7F4F9D266E43F43387403FA07F70C9C.e.111\"\n}\n"}, {"COMMAND": "[1713097415.302][INFO]: [99865d788e1a7f6f89ecedc9f402efa3] COMMAND GetElementText {\n   \"id\": \"f.5DF2F2973ACC03D09B251614BD02D072.d.D7F4F9D266E43F43387403FA07F70C9C.e.111\"\n}\n", "RESPONSE": "[1713097415.312][INFO]: [99865d788e1a7f6f89ecedc9f402efa3] RESPONSE GetElementText \"DEL\"\n"}, {"COMMAND": "[1713097415.317][INFO]: [99865d788e1a7f6f89ecedc9f402efa3] COMMAND FindElement {\n   \"using\": \"xpath\",\n   \"value\": \"//ul[@class='react-autosuggest__suggestions-list']/li[1]\"\n}\n", "RESPONSE": "[1713097415.326][INFO]: [99865d788e1a7f6f89ecedc9f402efa3] RESPONSE FindElement {\n   \"element-6066-11e4-a52e-4f735466cecf\": \"f.5DF2F2973ACC03D09B251614BD02D072.d.D7F4F9D266E43F43387403FA07F70C9C.e.112\"\n}\n"}, {"COMMAND": "[1713097415.331][INFO]: [99865d788e1a7f6f89ecedc9f402efa3] COMMAND ClickElement {\n   \"id\": \"f.5DF2F2973ACC03D09B251614BD02D072.d.D7F4F9D266E43F43387403FA07F70C9C.e.112\"\n}\n", "RESPONSE": "[1713097415.474][INFO]: [99865d788e1a7f6f89ecedc9f402efa3] RESPONSE ClickElement\n"}, {"COMMAND": "[1713097415.479][INFO]: [99865d788e1a7f6f89ecedc9f402efa3] COMMAND FindElement {\n   \"using\": \"xpath\",\n   \"value\": \"//label[@for='departure']/span\"\n}\n", "RESPONSE": "[1713097415.493][INFO]: [99865d788e1a7f6f89ecedc9f402efa3] RESPONSE FindElement {\n   \"element-6066-11e4-a52e-4f735466cecf\": \"f.5DF2F2973ACC03D09B251614BD02D072.d.D7F4F9D266E43F43387403FA07F70C9C.e.115\"\n}\n"}, {"COMMAND": "[1713097415.497][INFO]: [99865d788e1a7f6f89ecedc9f402efa3] COMMAND ClickElement {\n   \"id\": \"f.5DF2F2973ACC03D09B251614BD02D072.d.D7F4F9D266E43F43387403FA07F70C9C.e.115\"\n}\n", "RESPONSE": "[1713097415.677][INFO]: [99865d788e1a7f6f89ecedc9f402efa3] RESPONSE ClickElement\n"}, {"COMMAND": "[1713097415.686][INFO]: [99865d788e1a7f6f89ecedc9f402efa3] COMMAND FindElement {\n   \"using\": \"xpath\",\n   \"value\": \"//div[@aria-label='Wed May 29 2024']\"\n}\n", "RESPONSE": "[1713097415.735][INFO]: [99865d788e1a7f6f89ecedc9f402efa3] RESPONSE FindElement {\n   \"element-6066-11e4-a52e-4f735466cecf\": \"f.5DF2F2973ACC03D09B251614BD02D072.d.D7F4F9D266E43F43387403FA07F70C9C.e.166\"\n}\n"}, {"COMMAND": "[1713097415.776][INFO]: [99865d788e1a7f6f89ecedc9f402efa3] COMMAND FindElement {\n   \"using\": \"xpath\",\n   \"value\": \"//div[@aria-label='Wed May 29 2024']\"\n}\n", "RESPONSE": "[1713097415.787][INFO]: [99865d788e1a7f6f89ecedc9f402efa3] RESPONSE FindElement {\n   \"element-6066-11e4-a52e-4f735466cecf\": \"f.5DF2F2973ACC03D09B251614BD02D072.d.D7F4F9D266E43F43387403FA07F70C9C.e.166\"\n}\n"}, {"COMMAND": "[1713097415.792][INFO]: [99865d788e1a7f6f89ecedc9f402efa3] COMMAND ClickElement {\n   \"id\": \"f.5DF2F2973ACC03D09B251614BD02D072.d.D7F4F9D266E43F43387403FA07F70C9C.e.166\"\n}\n", "RESPONSE": "[1713097415.961][INFO]: [99865d788e1a7f6f89ecedc9f402efa3] RESPONSE ClickElement\n"}, {"COMMAND": "[1713097415.984][INFO]: [99865d788e1a7f6f89ecedc9f402efa3] COMMAND FindElement {\n   \"using\": \"xpath\",\n   \"value\": \"//a[text()='Search']\"\n}\n", "RESPONSE": "[1713097416.009][INFO]: [99865d788e1a7f6f89ecedc9f402efa3] RESPONSE FindElement {\n   \"element-6066-11e4-a52e-4f735466cecf\": \"f.5DF2F2973ACC03D09B251614BD02D072.d.D7F4F9D266E43F43387403FA07F70C9C.e.168\"\n}\n"}, {"COMMAND": "[1713097416.014][INFO]: [99865d788e1a7f6f89ecedc9f402efa3] COMMAND ClickElement {\n   \"id\": \"f.5DF2F2973ACC03D09B251614BD02D072.d.D7F4F9D266E43F43387403FA07F70C9C.e.168\"\n}\n", "RESPONSE": "[1713097421.905][INFO]: [99865d788e1a7f6f89ecedc9f402efa3] RESPONSE ClickElement\n"}, {"COMMAND": "[1713097421.909][INFO]: [99865d788e1a7f6f89ecedc9f402efa3] COMMAND FindElement {\n   \"using\": \"xpath\",\n   \"value\": \"//button[text()='OKAY, GOT IT!']\"\n}\n", "RESPONSE": "[1713097421.928][INFO]: [99865d788e1a7f6f89ecedc9f402efa3] RESPONSE FindElement {\n   \"element-6066-11e4-a52e-4f735466cecf\": \"f.5DF2F2973ACC03D09B251614BD02D072.d.F0AE07B5D03787AD85725AAB70B127F8.e.293\"\n}\n"}, {"COMMAND": "[1713097421.952][INFO]: [99865d788e1a7f6f89ecedc9f402efa3] COMMAND FindElement {\n   \"using\": \"xpath\",\n   \"value\": \"//button[text()='OKAY, GOT IT!']\"\n}\n", "RESPONSE": "[1713097421.962][INFO]: [99865d788e1a7f6f89ecedc9f402efa3] RESPONSE FindElement {\n   \"element-6066-11e4-a52e-4f735466cecf\": \"f.5DF2F2973ACC03D09B251614BD02D072.d.F0AE07B5D03787AD85725AAB70B127F8.e.293\"\n}\n"}, {"COMMAND": "[1713097421.966][INFO]: [99865d788e1a7f6f89ecedc9f402efa3] COMMAND ClickElement {\n   \"id\": \"f.5DF2F2973ACC03D09B251614BD02D072.d.F0AE07B5D03787AD85725AAB70B127F8.e.293\"\n}\n", "RESPONSE": "[1713097422.125][INFO]: [99865d788e1a7f6f89ecedc9f402efa3] RESPONSE ClickElement\n"}, {"COMMAND": "[1713097422.129][INFO]: [99865d788e1a7f6f89ecedc9f402efa3] COMMAND FindElement {\n   \"using\": \"xpath\",\n   \"value\": \"(//div[@class='blackText fontSize18 blackFont white-space-no-wrap clusterViewPrice'])[1]\"\n}\n", "RESPONSE": "[1713097422.153][INFO]: [99865d788e1a7f6f89ecedc9f402efa3] RESPONSE FindElement {\n   \"element-6066-11e4-a52e-4f735466cecf\": \"f.5DF2F2973ACC03D09B251614BD02D072.d.F0AE07B5D03787AD85725AAB70B127F8.e.313\"\n}\n"}, {"COMMAND": "[1713097422.173][INFO]: [99865d788e1a7f6f89ecedc9f402efa3] COMMAND FindElement {\n   \"using\": \"xpath\",\n   \"value\": \"(//div[@class='blackText fontSize18 blackFont white-space-no-wrap clusterViewPrice'])[1]\"\n}\n", "RESPONSE": "[1713097422.184][INFO]: [99865d788e1a7f6f89ecedc9f402efa3] RESPONSE FindElement {\n   \"element-6066-11e4-a52e-4f735466cecf\": \"f.5DF2F2973ACC03D09B251614BD02D072.d.F0AE07B5D03787AD85725AAB70B127F8.e.313\"\n}\n"}, {"COMMAND": "[1713097422.187][INFO]: [99865d788e1a7f6f89ecedc9f402efa3] COMMAND GetElementText {\n   \"id\": \"f.5DF2F2973ACC03D09B251614BD02D072.d.F0AE07B5D03787AD85725AAB70B127F8.e.313\"\n}\n", "RESPONSE": "[1713097422.197][INFO]: [99865d788e1a7f6f89ecedc9f402efa3] RESPONSE GetElementText \"\u00e2\u201a\u00b9 6,925\\nper adult\"\n"}, {"COMMAND": "[1713097422.201][INFO]: [99865d788e1a7f6f89ecedc9f402efa3] COMMAND Navigate {\n   \"url\": \"https://www.makemytrip.com/\"\n}\n", "RESPONSE": "[1713097424.450][INFO]: [99865d788e1a7f6f89ecedc9f402efa3] RESPONSE Navigate\n"}, {"COMMAND": "[1713097424.471][INFO]: [99865d788e1a7f6f89ecedc9f402efa3] COMMAND FindElement {\n   \"using\": \"css selector\",\n   \"value\": \".menu_Trains\"\n}\n", "RESPONSE": "[1713097424.652][INFO]: [99865d788e1a7f6f89ecedc9f402efa3] RESPONSE FindElement {\n   \"element-6066-11e4-a52e-4f735466cecf\": \"f.5DF2F2973ACC03D09B251614BD02D072.d.71ED62A27696621AE332434F42B75935.e.364\"\n}\n"}, {"COMMAND": "[1713097424.686][INFO]: [99865d788e1a7f6f89ecedc9f402efa3] COMMAND FindElement {\n   \"using\": \"css selector\",\n   \"value\": \".menu_Trains\"\n}\n", "RESPONSE": "[1713097424.715][INFO]: [99865d788e1a7f6f89ecedc9f402efa3] RESPONSE FindElement {\n   \"element-6066-11e4-a52e-4f735466cecf\": \"f.5DF2F2973ACC03D09B251614BD02D072.d.71ED62A27696621AE332434F42B75935.e.364\"\n}\n"}, {"COMMAND": "[1713097424.719][INFO]: [99865d788e1a7f6f89ecedc9f402efa3] COMMAND ClickElement {\n   \"id\": \"f.5DF2F2973ACC03D09B251614BD02D072.d.71ED62A27696621AE332434F42B75935.e.364\"\n}\n", "RESPONSE": "[1713097425.582][INFO]: [99865d788e1a7f6f89ecedc9f402efa3] RESPONSE ClickElement\n"}, {"COMMAND": "[1713097425.594][INFO]: [99865d788e1a7f6f89ecedc9f402efa3] COMMAND FindElement {\n   \"using\": \"css selector\",\n   \"value\": \"#fromCity\"\n}\n", "RESPONSE": "[1713097425.839][INFO]: [99865d788e1a7f6f89ecedc9f402efa3] RESPONSE FindElement ERROR no such element: Unable to locate element: {\"method\":\"css selector\",\"selector\":\"#fromCity\"}\n  (Session info: chrome=123.0.6312.122)\n"}, {"COMMAND": "[1713097426.350][INFO]: [99865d788e1a7f6f89ecedc9f402efa3] COMMAND FindElement {\n   \"using\": \"css selector\",\n   \"value\": \"#fromCity\"\n}\n", "RESPONSE": "[1713097426.369][INFO]: [99865d788e1a7f6f89ecedc9f402efa3] RESPONSE FindElement {\n   \"element-6066-11e4-a52e-4f735466cecf\": \"f.5DF2F2973ACC03D09B251614BD02D072.d.71ED62A27696621AE332434F42B75935.e.382\"\n}\n"}, {"COMMAND": "[1713097426.402][INFO]: [99865d788e1a7f6f89ecedc9f402efa3] COMMAND FindElement {\n   \"using\": \"css selector\",\n   \"value\": \"#fromCity\"\n}\n", "RESPONSE": "[1713097426.415][INFO]: [99865d788e1a7f6f89ecedc9f402efa3] RESPONSE FindElement {\n   \"element-6066-11e4-a52e-4f735466cecf\": \"f.5DF2F2973ACC03D09B251614BD02D072.d.71ED62A27696621AE332434F42B75935.e.382\"\n}\n"}, {"COMMAND": "[1713097426.418][INFO]: [99865d788e1a7f6f89ecedc9f402efa3] COMMAND ClickElement {\n   \"id\": \"f.5DF2F2973ACC03D09B251614BD02D072.d.71ED62A27696621AE332434F42B75935.e.382\"\n}\n", "RESPONSE": "[1713097426.640][INFO]: [99865d788e1a7f6f89ecedc9f402efa3] RESPONSE ClickElement\n"}, {"COMMAND": "[1713097426.646][INFO]: [99865d788e1a7f6f89ecedc9f402efa3] COMMAND FindElement {\n   \"using\": \"xpath\",\n   \"value\": \"//input[@placeholder='From']\"\n}\n", "RESPONSE": "[1713097426.661][INFO]: [99865d788e1a7f6f89ecedc9f402efa3] RESPONSE FindElement ERROR no such element: Unable to locate element: {\"method\":\"xpath\",\"selector\":\"//input[@placeholder='From']\"}\n  (Session info: chrome=123.0.6312.122)\n"}, {"COMMAND": "[1713097427.172][INFO]: [99865d788e1a7f6f89ecedc9f402efa3] COMMAND FindElement {\n   \"using\": \"xpath\",\n   \"value\": \"//input[@placeholder='From']\"\n}\n", "RESPONSE": "[1713097427.182][INFO]: [99865d788e1a7f6f89ecedc9f402efa3] RESPONSE FindElement {\n   \"element-6066-11e4-a52e-4f735466cecf\": \"f.5DF2F2973ACC03D09B251614BD02D072.d.71ED62A27696621AE332434F42B75935.e.399\"\n}\n"}, {"COMMAND": "[1713097427.201][INFO]: [99865d788e1a7f6f89ecedc9f402efa3] COMMAND FindElement {\n   \"using\": \"xpath\",\n   \"value\": \"//input[@placeholder='From']\"\n}\n", "RESPONSE": "[1713097427.210][INFO]: [99865d788e1a7f6f89ecedc9f402efa3] RESPONSE FindElement {\n   \"element-6066-11e4-a52e-4f735466cecf\": \"f.5DF2F2973ACC03D09B251614BD02D072.d.71ED62A27696621AE332434F42B75935.e.399\"\n}\n"}, {"COMMAND": "[1713097427.213][INFO]: [99865d788e1a7f6f89ecedc9f402efa3] COMMAND TypeElement {\n   \"id\": \"f.5DF2F2973ACC03D09B251614BD02D072.d.71ED62A27696621AE332434F42B75935.e.399\",\n   \"text\": \"ypr\",\n   \"value\": [ \"y\", \"p\", \"r\" ]\n}\n", "RESPONSE": "[1713097427.282][INFO]: [99865d788e1a7f6f89ecedc9f402efa3] RESPONSE TypeElement\n"}, {"COMMAND": "[1713097427.285][INFO]: [99865d788e1a7f6f89ecedc9f402efa3] COMMAND FindElement {\n   \"using\": \"xpath\",\n   \"value\": \"//ul[@class='react-autosuggest__suggestions-list']/li[1]/div/span\"\n}\n", "RESPONSE": "[1713097427.299][INFO]: [99865d788e1a7f6f89ecedc9f402efa3] RESPONSE FindElement {\n   \"element-6066-11e4-a52e-4f735466cecf\": \"f.5DF2F2973ACC03D09B251614BD02D072.d.71ED62A27696621AE332434F42B75935.e.402\"\n}\n"}, {"COMMAND": "[1713097427.302][INFO]: [99865d788e1a7f6f89ecedc9f402efa3] COMMAND GetElementText {\n   \"id\": \"f.5DF2F2973ACC03D09B251614BD02D072.d.71ED62A27696621AE332434F42B75935.e.402\"\n}\n", "RESPONSE": "[1713097427.314][INFO]: [99865d788e1a7f6f89ecedc9f402efa3] RESPONSE GetElementText \"NDLS\"\n"}, {"COMMAND": "[1713097427.819][INFO]: [99865d788e1a7f6f89ecedc9f402efa3] COMMAND FindElement {\n   \"using\": \"xpath\",\n   \"value\": \"//ul[@class='react-autosuggest__suggestions-list']/li[1]/div/span\"\n}\n", "RESPONSE": "[1713097427.829][INFO]: [99865d788e1a7f6f89ecedc9f402efa3] RESPONSE FindElement {\n   \"element-6066-11e4-a52e-4f735466cecf\": \"f.5DF2F2973ACC03D09B251614BD02D072.d.71ED62A27696621AE332434F42B75935.e.402\"\n}\n"}, {"COMMAND": "[1713097427.832][INFO]: [99865d788e1a7f6f89ecedc9f402efa3] COMMAND GetElementText {\n   \"id\": \"f.5DF2F2973ACC03D09B251614BD02D072.d.71ED62A27696621AE332434F42B75935.e.402\"\n}\n", "RESPONSE": "[1713097427.841][INFO]: [99865d788e1a7f6f89ecedc9f402efa3] RESPONSE GetElementText \"YPR\"\n"}, {"COMMAND": "[1713097427.843][INFO]: [99865d788e1a7f6f89ecedc9f402efa3] COMMAND FindElement {\n   \"using\": \"xpath\",\n   \"value\": \"//ul[@class='react-autosuggest__suggestions-list']/li[1]\"\n}\n", "RESPONSE": "[1713097427.853][INFO]: [99865d788e1a7f6f89ecedc9f402efa3] RESPONSE FindElement {\n   \"element-6066-11e4-a52e-4f735466cecf\": \"f.5DF2F2973ACC03D09B251614BD02D072.d.71ED62A27696621AE332434F42B75935.e.406\"\n}\n"}, {"COMMAND": "[1713097427.857][INFO]: [99865d788e1a7f6f89ecedc9f402efa3] COMMAND ClickElement {\n   \"id\": \"f.5DF2F2973ACC03D09B251614BD02D072.d.71ED62A27696621AE332434F42B75935.e.406\"\n}\n", "RESPONSE": "[1713097428.037][INFO]: [99865d788e1a7f6f89ecedc9f402efa3] RESPONSE ClickElement\n"}, {"COMMAND": "[1713097428.043][INFO]: [99865d788e1a7f6f89ecedc9f402efa3] COMMAND FindElement {\n   \"using\": \"xpath\",\n   \"value\": \"//input[@placeholder='To']\"\n}\n", "RESPONSE": "[1713097428.058][INFO]: [99865d788e1a7f6f89ecedc9f402efa3] RESPONSE FindElement {\n   \"element-6066-11e4-a52e-4f735466cecf\": \"f.5DF2F2973ACC03D09B251614BD02D072.d.71ED62A27696621AE332434F42B75935.e.407\"\n}\n"}, {"COMMAND": "[1713097428.087][INFO]: [99865d788e1a7f6f89ecedc9f402efa3] COMMAND FindElement {\n   \"using\": \"xpath\",\n   \"value\": \"//input[@placeholder='To']\"\n}\n", "RESPONSE": "[1713097428.103][INFO]: [99865d788e1a7f6f89ecedc9f402efa3] RESPONSE FindElement {\n   \"element-6066-11e4-a52e-4f735466cecf\": \"f.5DF2F2973ACC03D09B251614BD02D072.d.71ED62A27696621AE332434F42B75935.e.407\"\n}\n"}, {"COMMAND": "[1713097428.107][INFO]: [99865d788e1a7f6f89ecedc9f402efa3] COMMAND TypeElement {\n   \"id\": \"f.5DF2F2973ACC03D09B251614BD02D072.d.71ED62A27696621AE332434F42B75935.e.407\",\n   \"text\": \"ndls\",\n   \"value\": [ \"n\", \"d\", \"l\", \"s\" ]\n}\n", "RESPONSE": "[1713097428.209][INFO]: [99865d788e1a7f6f89ecedc9f402efa3] RESPONSE TypeElement\n"}, {"COMMAND": "[1713097428.213][INFO]: [99865d788e1a7f6f89ecedc9f402efa3] COMMAND FindElement {\n   \"using\": \"xpath\",\n   \"value\": \"//ul[@class='react-autosuggest__suggestions-list']/li[1]/div/span\"\n}\n", "RESPONSE": "[1713097428.229][INFO]: [99865d788e1a7f6f89ecedc9f402efa3] RESPONSE FindElement ERROR no such element: Unable to locate element: {\"method\":\"xpath\",\"selector\":\"//ul[@class='react-autosuggest__suggestions-list']/li[1]/div/span\"}\n  (Session info: chrome=123.0.6312.122)\n"}, {"COMMAND": "[1713097428.740][INFO]: [99865d788e1a7f6f89ecedc9f402efa3] COMMAND FindElement {\n   \"using\": \"xpath\",\n   \"value\": \"//ul[@class='react-autosuggest__suggestions-list']/li[1]/div/span\"\n}\n", "RESPONSE": "[1713097428.750][INFO]: [99865d788e1a7f6f89ecedc9f402efa3] RESPONSE FindElement {\n   \"element-6066-11e4-a52e-4f735466cecf\": \"f.5DF2F2973ACC03D09B251614BD02D072.d.71ED62A27696621AE332434F42B75935.e.419\"\n}\n"}, {"COMMAND": "[1713097428.753][INFO]: [99865d788e1a7f6f89ecedc9f402efa3] COMMAND GetElementText {\n   \"id\": \"f.5DF2F2973ACC03D09B251614BD02D072.d.71ED62A27696621AE332434F42B75935.e.419\"\n}\n", "RESPONSE": "[1713097428.764][INFO]: [99865d788e1a7f6f89ecedc9f402efa3] RESPONSE GetElementText \"NDLS\"\n"}, {"COMMAND": "[1713097428.767][INFO]: [99865d788e1a7f6f89ecedc9f402efa3] COMMAND FindElement {\n   \"using\": \"xpath\",\n   \"value\": \"//ul[@class='react-autosuggest__suggestions-list']/li[1]\"\n}\n", "RESPONSE": "[1713097428.775][INFO]: [99865d788e1a7f6f89ecedc9f402efa3] RESPONSE FindElement {\n   \"element-6066-11e4-a52e-4f735466cecf\": \"f.5DF2F2973ACC03D09B251614BD02D072.d.71ED62A27696621AE332434F42B75935.e.410\"\n}\n"}, {"COMMAND": "[1713097428.778][INFO]: [99865d788e1a7f6f89ecedc9f402efa3] COMMAND ClickElement {\n   \"id\": \"f.5DF2F2973ACC03D09B251614BD02D072.d.71ED62A27696621AE332434F42B75935.e.410\"\n}\n", "RESPONSE": "[1713097428.899][INFO]: [99865d788e1a7f6f89ecedc9f402efa3] RESPONSE ClickElement\n"}, {"COMMAND": "[1713097428.903][INFO]: [99865d788e1a7f6f89ecedc9f402efa3] COMMAND FindElement {\n   \"using\": \"xpath\",\n   \"value\": \"//div[@aria-label='Wed May 29 2024']\"\n}\n", "RESPONSE": "[1713097428.916][INFO]: [99865d788e1a7f6f89ecedc9f402efa3] RESPONSE FindElement {\n   \"element-6066-11e4-a52e-4f735466cecf\": \"f.5DF2F2973ACC03D09B251614BD02D072.d.71ED62A27696621AE332434F42B75935.e.422\"\n}\n"}, {"COMMAND": "[1713097428.943][INFO]: [99865d788e1a7f6f89ecedc9f402efa3] COMMAND FindElement {\n   \"using\": \"xpath\",\n   \"value\": \"//div[@aria-label='Wed May 29 2024']\"\n}\n", "RESPONSE": "[1713097428.958][INFO]: [99865d788e1a7f6f89ecedc9f402efa3] RESPONSE FindElement {\n   \"element-6066-11e4-a52e-4f735466cecf\": \"f.5DF2F2973ACC03D09B251614BD02D072.d.71ED62A27696621AE332434F42B75935.e.422\"\n}\n"}, {"COMMAND": "[1713097428.961][INFO]: [99865d788e1a7f6f89ecedc9f402efa3] COMMAND ClickElement {\n   \"id\": \"f.5DF2F2973ACC03D09B251614BD02D072.d.71ED62A27696621AE332434F42B75935.e.422\"\n}\n", "RESPONSE": "[1713097429.091][INFO]: [99865d788e1a7f6f89ecedc9f402efa3] RESPONSE ClickElement\n"}, {"COMMAND": "[1713097429.095][INFO]: [99865d788e1a7f6f89ecedc9f402efa3] COMMAND FindElement {\n   \"using\": \"xpath\",\n   \"value\": \"//*[@id='travelClass']/ancestor::div//li[text()='Third AC']\"\n}\n", "RESPONSE": "[1713097429.124][INFO]: [99865d788e1a7f6f89ecedc9f402efa3] RESPONSE FindElement {\n   \"element-6066-11e4-a52e-4f735466cecf\": \"f.5DF2F2973ACC03D09B251614BD02D072.d.71ED62A27696621AE332434F42B75935.e.425\"\n}\n"}, {"COMMAND": "[1713097429.145][INFO]: [99865d788e1a7f6f89ecedc9f402efa3] COMMAND FindElement {\n   \"using\": \"xpath\",\n   \"value\": \"//*[@id='travelClass']/ancestor::div//li[text()='Third AC']\"\n}\n", "RESPONSE": "[1713097429.160][INFO]: [99865d788e1a7f6f89ecedc9f402efa3] RESPONSE FindElement {\n   \"element-6066-11e4-a52e-4f735466cecf\": \"f.5DF2F2973ACC03D09B251614BD02D072.d.71ED62A27696621AE332434F42B75935.e.425\"\n}\n"}, {"COMMAND": "[1713097429.164][INFO]: [99865d788e1a7f6f89ecedc9f402efa3] COMMAND ClickElement {\n   \"id\": \"f.5DF2F2973ACC03D09B251614BD02D072.d.71ED62A27696621AE332434F42B75935.e.425\"\n}\n", "RESPONSE": "[1713097429.294][INFO]: [99865d788e1a7f6f89ecedc9f402efa3] RESPONSE ClickElement\n"}, {"COMMAND": "[1713097429.298][INFO]: [99865d788e1a7f6f89ecedc9f402efa3] COMMAND FindElement {\n   \"using\": \"xpath\",\n   \"value\": \"//a[text()='Search']\"\n}\n", "RESPONSE": "[1713097429.312][INFO]: [99865d788e1a7f6f89ecedc9f402efa3] RESPONSE FindElement {\n   \"element-6066-11e4-a52e-4f735466cecf\": \"f.5DF2F2973ACC03D09B251614BD02D072.d.71ED62A27696621AE332434F42B75935.e.426\"\n}\n"}, {"COMMAND": "[1713097429.315][INFO]: [99865d788e1a7f6f89ecedc9f402efa3] COMMAND ClickElement {\n   \"id\": \"f.5DF2F2973ACC03D09B251614BD02D072.d.71ED62A27696621AE332434F42B75935.e.426\"\n}\n", "RESPONSE": "[1713097431.354][INFO]: [99865d788e1a7f6f89ecedc9f402efa3] RESPONSE ClickElement\n"}, {"COMMAND": "[1713097431.358][INFO]: [99865d788e1a7f6f89ecedc9f402efa3] COMMAND FindElement {\n   \"using\": \"xpath\",\n   \"value\": \"(//div[@class='ticket-price justify-flex-end'])[1]\"\n}\n", "RESPONSE": "[1713097431.373][INFO]: [99865d788e1a7f6f89ecedc9f402efa3] RESPONSE FindElement {\n   \"element-6066-11e4-a52e-4f735466cecf\": \"f.5DF2F2973ACC03D09B251614BD02D072.d.80F5234D3DFE279ADA7C6FF0E3DE92B7.e.492\"\n}\n"}, {"COMMAND": "[1713097431.394][INFO]: [99865d788e1a7f6f89ecedc9f402efa3] COMMAND FindElement {\n   \"using\": \"xpath\",\n   \"value\": \"(//div[@class='ticket-price justify-flex-end'])[1]\"\n}\n", "RESPONSE": "[1713097431.404][INFO]: [99865d788e1a7f6f89ecedc9f402efa3] RESPONSE FindElement {\n   \"element-6066-11e4-a52e-4f735466cecf\": \"f.5DF2F2973ACC03D09B251614BD02D072.d.80F5234D3DFE279ADA7C6FF0E3DE92B7.e.492\"\n}\n"}, {"COMMAND": "[1713097431.408][INFO]: [99865d788e1a7f6f89ecedc9f402efa3] COMMAND GetElementText {\n   \"id\": \"f.5DF2F2973ACC03D09B251614BD02D072.d.80F5234D3DFE279ADA7C6FF0E3DE92B7.e.492\"\n}\n", "RESPONSE": "[1713097431.416][INFO]: [99865d788e1a7f6f89ecedc9f402efa3] RESPONSE GetElementText \"\u00e2\u201a\u00b9 2225\"\n"}, {"COMMAND": "[1713097431.419][INFO]: [99865d788e1a7f6f89ecedc9f402efa3] COMMAND Navigate {\n   \"url\": \"https://www.makemytrip.com/\"\n}\n", "RESPONSE": "[1713097432.855][INFO]: [99865d788e1a7f6f89ecedc9f402efa3] RESPONSE Navigate\n"}, {"COMMAND": "[1713097432.859][INFO]: [99865d788e1a7f6f89ecedc9f402efa3] COMMAND FindElement {\n   \"using\": \"css selector\",\n   \"value\": \".menu_Buses\"\n}\n", "RESPONSE": "[1713097432.985][INFO]: [99865d788e1a7f6f89ecedc9f402efa3] RESPONSE FindElement {\n   \"element-6066-11e4-a52e-4f735466cecf\": \"f.5DF2F2973ACC03D09B251614BD02D072.d.51AF1F0F6A89877B4D87A26BF4BFD405.e.549\"\n}\n"}, {"COMMAND": "[1713097433.113][INFO]: [99865d788e1a7f6f89ecedc9f402efa3] COMMAND FindElement {\n   \"using\": \"css selector\",\n   \"value\": \".menu_Buses\"\n}\n", "RESPONSE": "[1713097433.218][INFO]: [99865d788e1a7f6f89ecedc9f402efa3] RESPONSE FindElement {\n   \"element-6066-11e4-a52e-4f735466cecf\": \"f.5DF2F2973ACC03D09B251614BD02D072.d.51AF1F0F6A89877B4D87A26BF4BFD405.e.549\"\n}\n"}, {"COMMAND": "[1713097433.222][INFO]: [99865d788e1a7f6f89ecedc9f402efa3] COMMAND ClickElement {\n   \"id\": \"f.5DF2F2973ACC03D09B251614BD02D072.d.51AF1F0F6A89877B4D87A26BF4BFD405.e.549\"\n}\n", "RESPONSE": "[1713097433.504][INFO]: [99865d788e1a7f6f89ecedc9f402efa3] RESPONSE ClickElement\n"}, {"COMMAND": "[1713097433.508][INFO]: [99865d788e1a7f6f89ecedc9f402efa3] COMMAND FindElement {\n   \"using\": \"css selector\",\n   \"value\": \"#fromCity\"\n}\n", "RESPONSE": "[1713097433.796][INFO]: [99865d788e1a7f6f89ecedc9f402efa3] RESPONSE FindElement {\n   \"element-6066-11e4-a52e-4f735466cecf\": \"f.5DF2F2973ACC03D09B251614BD02D072.d.51AF1F0F6A89877B4D87A26BF4BFD405.e.564\"\n}\n"}, {"COMMAND": "[1713097433.875][INFO]: [99865d788e1a7f6f89ecedc9f402efa3] COMMAND FindElement {\n   \"using\": \"css selector\",\n   \"value\": \"#fromCity\"\n}\n", "RESPONSE": "[1713097433.889][INFO]: [99865d788e1a7f6f89ecedc9f402efa3] RESPONSE FindElement {\n   \"element-6066-11e4-a52e-4f735466cecf\": \"f.5DF2F2973ACC03D09B251614BD02D072.d.51AF1F0F6A89877B4D87A26BF4BFD405.e.564\"\n}\n"}, {"COMMAND": "[1713097433.893][INFO]: [99865d788e1a7f6f89ecedc9f402efa3] COMMAND ClickElement {\n   \"id\": \"f.5DF2F2973ACC03D09B251614BD02D072.d.51AF1F0F6A89877B4D87A26BF4BFD405.e.564\"\n}\n", "RESPONSE": "[1713097434.115][INFO]: [99865d788e1a7f6f89ecedc9f402efa3] RESPONSE ClickElement\n"}, {"COMMAND": "[1713097434.119][INFO]: [99865d788e1a7f6f89ecedc9f402efa3] COMMAND FindElement {\n   \"using\": \"xpath\",\n   \"value\": \"//input[@placeholder='From']\"\n}\n", "RESPONSE": "[1713097434.240][INFO]: [99865d788e1a7f6f89ecedc9f402efa3] RESPONSE FindElement ERROR no such element: Unable to locate element: {\"method\":\"xpath\",\"selector\":\"//input[@placeholder='From']\"}\n  (Session info: chrome=123.0.6312.122)\n"}, {"COMMAND": "[1713097434.758][INFO]: [99865d788e1a7f6f89ecedc9f402efa3] COMMAND FindElement {\n   \"using\": \"xpath\",\n   \"value\": \"//input[@placeholder='From']\"\n}\n", "RESPONSE": "[1713097434.769][INFO]: [99865d788e1a7f6f89ecedc9f402efa3] RESPONSE FindElement {\n   \"element-6066-11e4-a52e-4f735466cecf\": \"f.5DF2F2973ACC03D09B251614BD02D072.d.51AF1F0F6A89877B4D87A26BF4BFD405.e.570\"\n}\n"}, {"COMMAND": "[1713097434.788][INFO]: [99865d788e1a7f6f89ecedc9f402efa3] COMMAND FindElement {\n   \"using\": \"xpath\",\n   \"value\": \"//input[@placeholder='From']\"\n}\n", "RESPONSE": "[1713097434.797][INFO]: [99865d788e1a7f6f89ecedc9f402efa3] RESPONSE FindElement {\n   \"element-6066-11e4-a52e-4f735466cecf\": \"f.5DF2F2973ACC03D09B251614BD02D072.d.51AF1F0F6A89877B4D87A26BF4BFD405.e.570\"\n}\n"}, {"COMMAND": "[1713097434.800][INFO]: [99865d788e1a7f6f89ecedc9f402efa3] COMMAND TypeElement {\n   \"id\": \"f.5DF2F2973ACC03D09B251614BD02D072.d.51AF1F0F6A89877B4D87A26BF4BFD405.e.570\",\n   \"text\": \"bangl\",\n   \"value\": [ \"b\", \"a\", \"n\", \"g\", \"l\" ]\n}\n", "RESPONSE": "[1713097434.881][INFO]: [99865d788e1a7f6f89ecedc9f402efa3] RESPONSE TypeElement\n"}, {"COMMAND": "[1713097434.885][INFO]: [99865d788e1a7f6f89ecedc9f402efa3] COMMAND FindElement {\n   \"using\": \"xpath\",\n   \"value\": \"//ul[@class='react-autosuggest__suggestions-list']/li[1]/div/p/span\"\n}\n", "RESPONSE": "[1713097434.902][INFO]: [99865d788e1a7f6f89ecedc9f402efa3] RESPONSE FindElement {\n   \"element-6066-11e4-a52e-4f735466cecf\": \"f.5DF2F2973ACC03D09B251614BD02D072.d.51AF1F0F6A89877B4D87A26BF4BFD405.e.573\"\n}\n"}, {"COMMAND": "[1713097434.905][INFO]: [99865d788e1a7f6f89ecedc9f402efa3] COMMAND GetElementText {\n   \"id\": \"f.5DF2F2973ACC03D09B251614BD02D072.d.51AF1F0F6A89877B4D87A26BF4BFD405.e.573\"\n}\n", "RESPONSE": "[1713097434.915][INFO]: [99865d788e1a7f6f89ecedc9f402efa3] RESPONSE GetElementText \"Mumbai, Maharashtra\"\n"}, {"COMMAND": "[1713097435.431][INFO]: [99865d788e1a7f6f89ecedc9f402efa3] COMMAND FindElement {\n   \"using\": \"xpath\",\n   \"value\": \"//ul[@class='react-autosuggest__suggestions-list']/li[1]/div/p/span\"\n}\n", "RESPONSE": "[1713097435.439][INFO]: [99865d788e1a7f6f89ecedc9f402efa3] RESPONSE FindElement {\n   \"element-6066-11e4-a52e-4f735466cecf\": \"f.5DF2F2973ACC03D09B251614BD02D072.d.51AF1F0F6A89877B4D87A26BF4BFD405.e.573\"\n}\n"}, {"COMMAND": "[1713097435.441][INFO]: [99865d788e1a7f6f89ecedc9f402efa3] COMMAND GetElementText {\n   \"id\": \"f.5DF2F2973ACC03D09B251614BD02D072.d.51AF1F0F6A89877B4D87A26BF4BFD405.e.573\"\n}\n", "RESPONSE": "[1713097435.450][INFO]: [99865d788e1a7f6f89ecedc9f402efa3] RESPONSE GetElementText \"Bangalore, Karnataka\"\n"}, {"COMMAND": "[1713097435.453][INFO]: [99865d788e1a7f6f89ecedc9f402efa3] COMMAND FindElement {\n   \"using\": \"xpath\",\n   \"value\": \"//ul[@class='react-autosuggest__suggestions-list']/li[1]\"\n}\n", "RESPONSE": "[1713097435.461][INFO]: [99865d788e1a7f6f89ecedc9f402efa3] RESPONSE FindElement {\n   \"element-6066-11e4-a52e-4f735466cecf\": \"f.5DF2F2973ACC03D09B251614BD02D072.d.51AF1F0F6A89877B4D87A26BF4BFD405.e.574\"\n}\n"}, {"COMMAND": "[1713097435.465][INFO]: [99865d788e1a7f6f89ecedc9f402efa3] COMMAND ClickElement {\n   \"id\": \"f.5DF2F2973ACC03D09B251614BD02D072.d.51AF1F0F6A89877B4D87A26BF4BFD405.e.574\"\n}\n", "RESPONSE": "[1713097435.593][INFO]: [99865d788e1a7f6f89ecedc9f402efa3] RESPONSE ClickElement\n"}, {"COMMAND": "[1713097435.597][INFO]: [99865d788e1a7f6f89ecedc9f402efa3] COMMAND FindElement {\n   \"using\": \"xpath\",\n   \"value\": \"//input[@placeholder='To']\"\n}\n", "RESPONSE": "[1713097435.611][INFO]: [99865d788e1a7f6f89ecedc9f402efa3] RESPONSE FindElement {\n   \"element-6066-11e4-a52e-4f735466cecf\": \"f.5DF2F2973ACC03D09B251614BD02D072.d.51AF1F0F6A89877B4D87A26BF4BFD405.e.575\"\n}\n"}, {"COMMAND": "[1713097435.638][INFO]: [99865d788e1a7f6f89ecedc9f402efa3] COMMAND FindElement {\n   \"using\": \"xpath\",\n   \"value\": \"//input[@placeholder='To']\"\n}\n", "RESPONSE": "[1713097435.647][INFO]: [99865d788e1a7f6f89ecedc9f402efa3] RESPONSE FindElement {\n   \"element-6066-11e4-a52e-4f735466cecf\": \"f.5DF2F2973ACC03D09B251614BD02D072.d.51AF1F0F6A89877B4D87A26BF4BFD405.e.575\"\n}\n"}, {"COMMAND": "[1713097435.652][INFO]: [99865d788e1a7f6f89ecedc9f402efa3] COMMAND TypeElement {\n   \"id\": \"f.5DF2F2973ACC03D09B251614BD02D072.d.51AF1F0F6A89877B4D87A26BF4BFD405.e.575\",\n   \"text\": \"kathma\",\n   \"value\": [ \"k\", \"a\", \"t\", \"h\", \"m\", \"a\" ]\n}\n", "RESPONSE": "[1713097435.735][INFO]: [99865d788e1a7f6f89ecedc9f402efa3] RESPONSE TypeElement\n"}, {"COMMAND": "[1713097435.739][INFO]: [99865d788e1a7f6f89ecedc9f402efa3] COMMAND FindElement {\n   \"using\": \"xpath\",\n   \"value\": \"//ul[@class='react-autosuggest__suggestions-list']/li[1]/div/p/span\"\n}\n", "RESPONSE": "[1713097435.752][INFO]: [99865d788e1a7f6f89ecedc9f402efa3] RESPONSE FindElement ERROR no such element: Unable to locate element: {\"method\":\"xpath\",\"selector\":\"//ul[@class='react-autosuggest__suggestions-list']/li[1]/div/p/span\"}\n  (Session info: chrome=123.0.6312.122)\n"}, {"COMMAND": "[1713097436.261][INFO]: [99865d788e1a7f6f89ecedc9f402efa3] COMMAND FindElement {\n   \"using\": \"xpath\",\n   \"value\": \"//ul[@class='react-autosuggest__suggestions-list']/li[1]/div/p/span\"\n}\n", "RESPONSE": "[1713097436.272][INFO]: [99865d788e1a7f6f89ecedc9f402efa3] RESPONSE FindElement {\n   \"element-6066-11e4-a52e-4f735466cecf\": \"f.5DF2F2973ACC03D09B251614BD02D072.d.51AF1F0F6A89877B4D87A26BF4BFD405.e.580\"\n}\n"}, {"COMMAND": "[1713097436.274][INFO]: [99865d788e1a7f6f89ecedc9f402efa3] COMMAND GetElementText {\n   \"id\": \"f.5DF2F2973ACC03D09B251614BD02D072.d.51AF1F0F6A89877B4D87A26BF4BFD405.e.580\"\n}\n", "RESPONSE": "[1713097436.281][INFO]: [99865d788e1a7f6f89ecedc9f402efa3] RESPONSE GetElementText \"Kathmandu, Nepal\"\n"}, {"COMMAND": "[1713097436.284][INFO]: [99865d788e1a7f6f89ecedc9f402efa3] COMMAND FindElement {\n   \"using\": \"xpath\",\n   \"value\": \"//ul[@class='react-autosuggest__suggestions-list']/li[1]\"\n}\n", "RESPONSE": "[1713097436.292][INFO]: [99865d788e1a7f6f89ecedc9f402efa3] RESPONSE FindElement {\n   \"element-6066-11e4-a52e-4f735466cecf\": \"f.5DF2F2973ACC03D09B251614BD02D072.d.51AF1F0F6A89877B4D87A26BF4BFD405.e.578\"\n}\n"}, {"COMMAND": "[1713097436.295][INFO]: [99865d788e1a7f6f89ecedc9f402efa3] COMMAND ClickElement {\n   \"id\": \"f.5DF2F2973ACC03D09B251614BD02D072.d.51AF1F0F6A89877B4D87A26BF4BFD405.e.578\"\n}\n", "RESPONSE": "[1713097436.382][INFO]: [99865d788e1a7f6f89ecedc9f402efa3] RESPONSE ClickElement\n"}, {"COMMAND": "[1713097436.386][INFO]: [99865d788e1a7f6f89ecedc9f402efa3] COMMAND FindElement {\n   \"using\": \"xpath\",\n   \"value\": \"//div[@aria-label='Wed May 29 2024']\"\n}\n", "RESPONSE": "[1713097436.399][INFO]: [99865d788e1a7f6f89ecedc9f402efa3] RESPONSE FindElement {\n   \"element-6066-11e4-a52e-4f735466cecf\": \"f.5DF2F2973ACC03D09B251614BD02D072.d.51AF1F0F6A89877B4D87A26BF4BFD405.e.583\"\n}\n"}, {"COMMAND": "[1713097436.421][INFO]: [99865d788e1a7f6f89ecedc9f402efa3] COMMAND FindElement {\n   \"using\": \"xpath\",\n   \"value\": \"//div[@aria-label='Wed May 29 2024']\"\n}\n", "RESPONSE": "[1713097436.433][INFO]: [99865d788e1a7f6f89ecedc9f402efa3] RESPONSE FindElement {\n   \"element-6066-11e4-a52e-4f735466cecf\": \"f.5DF2F2973ACC03D09B251614BD02D072.d.51AF1F0F6A89877B4D87A26BF4BFD405.e.583\"\n}\n"}, {"COMMAND": "[1713097436.436][INFO]: [99865d788e1a7f6f89ecedc9f402efa3] COMMAND ClickElement {\n   \"id\": \"f.5DF2F2973ACC03D09B251614BD02D072.d.51AF1F0F6A89877B4D87A26BF4BFD405.e.583\"\n}\n", "RESPONSE": "[1713097436.524][INFO]: [99865d788e1a7f6f89ecedc9f402efa3] RESPONSE ClickElement\n"}, {"COMMAND": "[1713097436.528][INFO]: [99865d788e1a7f6f89ecedc9f402efa3] COMMAND FindElement {\n   \"using\": \"css selector\",\n   \"value\": \"#search_button\"\n}\n", "RESPONSE": "[1713097436.543][INFO]: [99865d788e1a7f6f89ecedc9f402efa3] RESPONSE FindElement {\n   \"element-6066-11e4-a52e-4f735466cecf\": \"f.5DF2F2973ACC03D09B251614BD02D072.d.51AF1F0F6A89877B4D87A26BF4BFD405.e.585\"\n}\n"}, {"COMMAND": "[1713097436.546][INFO]: [99865d788e1a7f6f89ecedc9f402efa3] COMMAND ClickElement {\n   \"id\": \"f.5DF2F2973ACC03D09B251614BD02D072.d.51AF1F0F6A89877B4D87A26BF4BFD405.e.585\"\n}\n", "RESPONSE": "[1713097438.277][INFO]: [99865d788e1a7f6f89ecedc9f402efa3] RESPONSE ClickElement\n"}, {"COMMAND": "[1713097438.282][INFO]: [99865d788e1a7f6f89ecedc9f402efa3] COMMAND FindElement {\n   \"using\": \"css selector\",\n   \"value\": \".error\\\\-title\"\n}\n", "RESPONSE": "[1713097438.295][INFO]: [99865d788e1a7f6f89ecedc9f402efa3] RESPONSE FindElement {\n   \"element-6066-11e4-a52e-4f735466cecf\": \"f.5DF2F2973ACC03D09B251614BD02D072.d.BC64EDBA498C59B30A4AD1641BD41955.e.627\"\n}\n"}, {"COMMAND": "[1713097438.315][INFO]: [99865d788e1a7f6f89ecedc9f402efa3] COMMAND FindElement {\n   \"using\": \"css selector\",\n   \"value\": \".error\\\\-title\"\n}\n", "RESPONSE": "[1713097438.322][INFO]: [99865d788e1a7f6f89ecedc9f402efa3] RESPONSE FindElement {\n   \"element-6066-11e4-a52e-4f735466cecf\": \"f.5DF2F2973ACC03D09B251614BD02D072.d.BC64EDBA498C59B30A4AD1641BD41955.e.627\"\n}\n"}, {"COMMAND": "[1713097438.325][INFO]: [99865d788e1a7f6f89ecedc9f402efa3] COMMAND GetElementText {\n   \"id\": \"f.5DF2F2973ACC03D09B251614BD02D072.d.BC64EDBA498C59B30A4AD1641BD41955.e.627\"\n}\n", "RESPONSE": "[1713097438.333][INFO]: [99865d788e1a7f6f89ecedc9f402efa3] RESPONSE GetElementText \"No buses found for 29 May\"\n"}]}