{"Verify if all 10 test cases have passed": "TEST_STATUS_SUCCESS", "Verify if 4 groups are present": "TEST_STATUS_SUCCESS", "Verify testCase 1 : Iteration 1 ": "TEST_STATUS_SUCCESS", "Verify testCase 1 : Iteration 2 ": "TEST_STATUS_SUCCESS", "Verify testCase 1 : Iteration 3 ": "TEST_STATUS_SUCCESS", "Verify testCase 2 : Iteration 1 ": "TEST_STATUS_SUCCESS", "Verify testCase 2 : Iteration 3 ": "TEST_STATUS_SUCCESS", "Verify testCase 3 : Iteration 1 ": "TEST_STATUS_SUCCESS", "Verify testCase 3 : Iteration 2 ": "TEST_STATUS_SUCCESS", "Verify testCase 4 : Iteration 1 ": "TEST_STATUS_SUCCESS",  "Verify testCase 4 : Iteration 3 ": "TEST_STATUS_SUCCESS"}