{"actions": [{"COMMAND": null, "RESPONSE": null}, {"COMMAND": "[1708888805.511][INFO]: [de57c042eb8024d5a5743ee2ff2c0cc4] COMMAND InitSession {\n   \"capabilities\": {\n      \"firstMatch\": [ {\n         \"browserName\": \"chrome\",\n         \"goog:chromeOptions\": {\n\n         }\n      } ]\n   },\n   \"desiredCapabilities\": {\n      \"browserName\": \"chrome\",\n      \"goog:chromeOptions\": {\n\n      }\n   }\n}\n", "RESPONSE": "[1708888806.802][INFO]: [de57c042eb8024d5a5743ee2ff2c0cc4] RESPONSE InitSession {\n   \"capabilities\": {\n      \"acceptInsecureCerts\": false,\n      \"browserName\": \"chrome\",\n      \"browserVersion\": \"91.0.4472.77\",\n      \"chrome\": {\n         \"chromedriverVersion\": \"91.0.4472.19 (1bf021f248676a0b2ab3ee0561d83a59e424c23e-refs/branch-heads/4472@{#288})\",\n         \"userDataDir\": \"/tmp/.com.google.Chrome.gQEU3O\"\n      },\n      \"goog:chromeOptions\": {\n         \"debuggerAddress\": \"localhost:43937\"\n      },\n      \"networkConnectionEnabled\": false,\n      \"pageLoadStrategy\": \"normal\",\n      \"platformName\": \"linux\",\n      \"proxy\": {\n\n      },\n      \"setWindowRect\": true,\n      \"strictFileInteractability\": false,\n      \"timeouts\": {\n         \"implicit\": 0,\n         \"pageLoad\": 300000,\n         \"script\": 30000\n      },\n      \"unhandledPromptBehavior\": \"dismiss and notify\",\n      \"webauthn:extension:largeBlob\": true,\n      \"webauthn:virtualAuthenticators\": true\n   },\n   \"sessionId\": \"de57c042eb8024d5a5743ee2ff2c0cc4\"\n}\n"}, {"COMMAND": "[1708888807.480][INFO]: [de57c042eb8024d5a5743ee2ff2c0cc4] COMMAND MaximizeWindow {\n\n}\n", "RESPONSE": "[1708888807.585][INFO]: [de57c042eb8024d5a5743ee2ff2c0cc4] RESPONSE MaximizeWindow {\n   \"height\": 1058,\n   \"width\": 1920,\n   \"x\": 0,\n   \"y\": 0\n}\n"}, {"COMMAND": "[1708888807.810][INFO]: [de57c042eb8024d5a5743ee2ff2c0cc4] COMMAND SetTimeouts {\n   \"implicit\": 30000\n}\n", "RESPONSE": null}, {"COMMAND": "[1708888807.852][INFO]: [de57c042eb8024d5a5743ee2ff2c0cc4] COMMAND Navigate {\n   \"url\": \"https://www.wikipedia.org\"\n}\n", "RESPONSE": "[1708888809.560][INFO]: [de57c042eb8024d5a5743ee2ff2c0cc4] RESPONSE Navigate\n"}, {"COMMAND": "[1708888809.631][INFO]: [de57c042eb8024d5a5743ee2ff2c0cc4] COMMAND GetTitle {\n\n}\n", "RESPONSE": "[1708888809.666][INFO]: [de57c042eb8024d5a5743ee2ff2c0cc4] RESPONSE GetTitle \"Wikipedia\"\n"}, {"COMMAND": "[1708888809.717][INFO]: [de57c042eb8024d5a5743ee2ff2c0cc4] COMMAND Navigate {\n   \"url\": \"https://www.wikipedia.org\"\n}\n", "RESPONSE": "[1708888810.149][INFO]: [de57c042eb8024d5a5743ee2ff2c0cc4] RESPONSE Navigate\n"}, {"COMMAND": "[1708888810.228][INFO]: [de57c042eb8024d5a5743ee2ff2c0cc4] COMMAND FindElement {\n   \"using\": \"xpath\",\n   \"value\": \"//h1/span\"\n}\n", "RESPONSE": "[1708888810.304][INFO]: [de57c042eb8024d5a5743ee2ff2c0cc4] RESPONSE FindElement {\n   \"element-6066-11e4-a52e-4f735466cecf\": \"30f2a201-5f94-46db-b3b8-160c2986e4ea\"\n}\n"}, {"COMMAND": "[1708888810.337][INFO]: [de57c042eb8024d5a5743ee2ff2c0cc4] COMMAND GetElementText {\n   \"id\": \"30f2a201-5f94-46db-b3b8-160c2986e4ea\"\n}\n", "RESPONSE": "[1708888810.400][INFO]: [de57c042eb8024d5a5743ee2ff2c0cc4] RESPONSE GetElementText \"Wikipedia\"\n"}, {"COMMAND": "[1708888810.450][INFO]: [de57c042eb8024d5a5743ee2ff2c0cc4] COMMAND FindElements {\n   \"using\": \"xpath\",\n   \"value\": \"//*[@id='www-wikipedia-org']/footer/p/small/a\"\n}\n", "RESPONSE": "[1708888810.492][INFO]: [de57c042eb8024d5a5743ee2ff2c0cc4] RESPONSE FindElements [ {\n   \"element-6066-11e4-a52e-4f735466cecf\": \"3255b8f1-3311-4903-9179-ee490002d884\"\n}, {\n   \"element-6066-11e4-a52e-4f735466cecf\": \"be3d044c-167d-46a9-9f76-e60a7187804c\"\n}, {\n   \"element-6066-11e4-a52e-4f735466cecf\": \"c0aba22f-9ff3-4314-8d42-73bc63724b2c\"\n} ]\n"}, {"COMMAND": "[1708888810.537][INFO]: [de57c042eb8024d5a5743ee2ff2c0cc4] COMMAND GetElementText {\n   \"id\": \"3255b8f1-3311-4903-9179-ee490002d884\"\n}\n", "RESPONSE": "[1708888810.576][INFO]: [de57c042eb8024d5a5743ee2ff2c0cc4] RESPONSE GetElementText \"Creative Commons Attribution-ShareAlike License\"\n"}, {"COMMAND": "[1708888810.597][INFO]: [de57c042eb8024d5a5743ee2ff2c0cc4] COMMAND GetElementText {\n   \"id\": \"be3d044c-167d-46a9-9f76-e60a7187804c\"\n}\n", "RESPONSE": "[1708888810.646][INFO]: [de57c042eb8024d5a5743ee2ff2c0cc4] RESPONSE GetElementText \"Terms of Use\"\n"}, {"COMMAND": "[1708888810.666][INFO]: [de57c042eb8024d5a5743ee2ff2c0cc4] COMMAND GetElementText {\n   \"id\": \"c0aba22f-9ff3-4314-8d42-73bc63724b2c\"\n}\n", "RESPONSE": "[1708888810.700][INFO]: [de57c042eb8024d5a5743ee2ff2c0cc4] RESPONSE GetElementText \"Privacy Policy\"\n"}, {"COMMAND": "[1708888810.736][INFO]: [de57c042eb8024d5a5743ee2ff2c0cc4] COMMAND Navigate {\n   \"url\": \"https://www.wikipedia.org\"\n}\n", "RESPONSE": "[1708888811.153][INFO]: [de57c042eb8024d5a5743ee2ff2c0cc4] RESPONSE Navigate\n"}, {"COMMAND": "[1708888811.202][INFO]: [de57c042eb8024d5a5743ee2ff2c0cc4] COMMAND FindElement {\n   \"using\": \"css selector\",\n   \"value\": \"#searchInput\"\n}\n", "RESPONSE": "[1708888811.232][INFO]: [de57c042eb8024d5a5743ee2ff2c0cc4] RESPONSE FindElement {\n   \"element-6066-11e4-a52e-4f735466cecf\": \"b604af4d-61e6-4787-a5c7-634ace85190b\"\n}\n"}, {"COMMAND": "[1708888811.308][INFO]: [de57c042eb8024d5a5743ee2ff2c0cc4] COMMAND TypeElement {\n   \"id\": \"b604af4d-61e6-4787-a5c7-634ace85190b\",\n   \"text\": \"apple\",\n   \"value\": [ \"a\", \"p\", \"p\", \"l\", \"e\" ]\n}\n", "RESPONSE": "[1708888811.442][INFO]: [de57c042eb8024d5a5743ee2ff2c0cc4] RESPONSE TypeElement\n"}, {"COMMAND": "[1708888811.487][INFO]: [de57c042eb8024d5a5743ee2ff2c0cc4] COMMAND FindElements {\n   \"using\": \"xpath\",\n   \"value\": \"//*[@id='typeahead-suggestions']/div/a/div[1]/h3\"\n}\n", "RESPONSE": "[1708888811.883][INFO]: [de57c042eb8024d5a5743ee2ff2c0cc4] RESPONSE FindElements [ {\n   \"element-6066-11e4-a52e-4f735466cecf\": \"84963c02-275c-47d8-86bd-85b87fd06076\"\n}, {\n   \"element-6066-11e4-a52e-4f735466cecf\": \"3a58b6ab-c059-4cce-b031-9865afca870c\"\n}, {\n   \"element-6066-11e4-a52e-4f735466cecf\": \"5a6a6473-8616-4ed7-84ee-44eb2d37ad9f\"\n}, {\n   \"element-6066-11e4-a52e-4f735466cecf\": \"007e073c-7b3b-4e73-bbef-382365ad26d1\"\n}, {\n   \"element-6066-11e4-a52e-4f735466cecf\": \"4c30c703-2e22-48d6-ab0e-882cda4a0ce0\"\n}, {\n   \"element-6066-11e4-a52e-4f735466cecf\": \"a191e75a-d978-4e4e-a603-f088f2e84b30\"\n} ]\n"}, {"COMMAND": "[1708888811.934][INFO]: [de57c042eb8024d5a5743ee2ff2c0cc4] COMMAND GetElementText {\n   \"id\": \"84963c02-275c-47d8-86bd-85b87fd06076\"\n}\n", "RESPONSE": "[1708888811.998][INFO]: [de57c042eb8024d5a5743ee2ff2c0cc4] RESPONSE GetElementText \"Apple\"\n"}, {"COMMAND": "[1708888812.022][INFO]: [de57c042eb8024d5a5743ee2ff2c0cc4] COMMAND GetElementText {\n   \"id\": \"3a58b6ab-c059-4cce-b031-9865afca870c\"\n}\n", "RESPONSE": "[1708888812.058][INFO]: [de57c042eb8024d5a5743ee2ff2c0cc4] RESPONSE GetElementText \"Apple Inc.\"\n"}, {"COMMAND": "[1708888812.087][INFO]: [de57c042eb8024d5a5743ee2ff2c0cc4] COMMAND ClickElement {\n   \"id\": \"3a58b6ab-c059-4cce-b031-9865afca870c\"\n}\n", "RESPONSE": "[1708888814.654][INFO]: [de57c042eb8024d5a5743ee2ff2c0cc4] RESPONSE ClickElement\n"}, {"COMMAND": "[1708888814.682][INFO]: [de57c042eb8024d5a5743ee2ff2c0cc4] COMMAND FindElements {\n   \"using\": \"xpath\",\n   \"value\": \"//*[@id='mw-content-text']/div[1]/table[1]/tbody/tr[9]/td/div/ul/li/a\"\n}\n", "RESPONSE": "[1708888814.714][INFO]: [de57c042eb8024d5a5743ee2ff2c0cc4] RESPONSE FindElements [ {\n   \"element-6066-11e4-a52e-4f735466cecf\": \"73d6f677-fafe-4071-8b63-13aae3838738\"\n}, {\n   \"element-6066-11e4-a52e-4f735466cecf\": \"aede6e16-6bf7-448c-b52c-2950f20aedb6\"\n}, {\n   \"element-6066-11e4-a52e-4f735466cecf\": \"ad270b9a-b45b-4f8b-83e5-a52226795251\"\n} ]\n"}, {"COMMAND": "[1708888814.749][INFO]: [de57c042eb8024d5a5743ee2ff2c0cc4] COMMAND GetElementText {\n   \"id\": \"73d6f677-fafe-4071-8b63-13aae3838738\"\n}\n", "RESPONSE": "[1708888814.767][INFO]: [de57c042eb8024d5a5743ee2ff2c0cc4] RESPONSE GetElementText \"Steve Jobs\"\n"}, {"COMMAND": "[1708888814.785][INFO]: [de57c042eb8024d5a5743ee2ff2c0cc4] COMMAND Navigate {\n   \"url\": \"https://www.wikipedia.org\"\n}\n", "RESPONSE": "[1708888815.069][INFO]: [de57c042eb8024d5a5743ee2ff2c0cc4] RESPONSE Navigate\n"}, {"COMMAND": "[1708888815.088][INFO]: [de57c042eb8024d5a5743ee2ff2c0cc4] COMMAND FindElement {\n   \"using\": \"css selector\",\n   \"value\": \"#searchInput\"\n}\n", "RESPONSE": "[1708888815.098][INFO]: [de57c042eb8024d5a5743ee2ff2c0cc4] RESPONSE FindElement {\n   \"element-6066-11e4-a52e-4f735466cecf\": \"67d2baea-c048-4915-8d8c-df494e14277c\"\n}\n"}, {"COMMAND": "[1708888815.119][INFO]: [de57c042eb8024d5a5743ee2ff2c0cc4] COMMAND TypeElement {\n   \"id\": \"67d2baea-c048-4915-8d8c-df494e14277c\",\n   \"text\": \"microsoft\",\n   \"value\": [ \"m\", \"i\", \"c\", \"r\", \"o\", \"s\", \"o\", \"f\", \"t\" ]\n}\n", "RESPONSE": "[1708888815.179][INFO]: [de57c042eb8024d5a5743ee2ff2c0cc4] RESPONSE TypeElement\n"}, {"COMMAND": "[1708888815.204][INFO]: [de57c042eb8024d5a5743ee2ff2c0cc4] COMMAND FindElements {\n   \"using\": \"xpath\",\n   \"value\": \"//*[@id='typeahead-suggestions']/div/a/div[1]/h3\"\n}\n", "RESPONSE": "[1708888815.626][INFO]: [de57c042eb8024d5a5743ee2ff2c0cc4] RESPONSE FindElements [ {\n   \"element-6066-11e4-a52e-4f735466cecf\": \"d755c015-01e6-4e8e-a300-82033dd54af2\"\n}, {\n   \"element-6066-11e4-a52e-4f735466cecf\": \"c708fa55-cef9-4d3b-85f6-d2308a6e0401\"\n}, {\n   \"element-6066-11e4-a52e-4f735466cecf\": \"c01b1fea-1b3f-45a3-98a2-31e3b9e2a43a\"\n}, {\n   \"element-6066-11e4-a52e-4f735466cecf\": \"ae8a5173-b756-4ca8-a3da-c8dcd19da885\"\n}, {\n   \"element-6066-11e4-a52e-4f735466cecf\": \"0a0b054a-ed7f-4de6-8ca9-eda20ea603f5\"\n}, {\n   \"element-6066-11e4-a52e-4f735466cecf\": \"d166c060-2916-44ac-80b8-ef26afe63f24\"\n} ]\n"}, {"COMMAND": "[1708888815.646][INFO]: [de57c042eb8024d5a5743ee2ff2c0cc4] COMMAND GetElementText {\n   \"id\": \"d755c015-01e6-4e8e-a300-82033dd54af2\"\n}\n", "RESPONSE": "[1708888815.660][INFO]: [de57c042eb8024d5a5743ee2ff2c0cc4] RESPONSE GetElementText \"Microsoft\"\n"}, {"COMMAND": "[1708888815.681][INFO]: [de57c042eb8024d5a5743ee2ff2c0cc4] COMMAND ClickElement {\n   \"id\": \"d755c015-01e6-4e8e-a300-82033dd54af2\"\n}\n", "RESPONSE": "[1708888817.023][INFO]: [de57c042eb8024d5a5743ee2ff2c0cc4] RESPONSE ClickElement\n"}, {"COMMAND": "[1708888817.043][INFO]: [de57c042eb8024d5a5743ee2ff2c0cc4] COMMAND FindElements {\n   \"using\": \"xpath\",\n   \"value\": \"//*[@id='mw-content-text']/div[1]/table[1]/tbody/tr[8]/td/div/ul/li/a\"\n}\n", "RESPONSE": "[1708888817.077][INFO]: [de57c042eb8024d5a5743ee2ff2c0cc4] RESPONSE FindElements [ {\n   \"element-6066-11e4-a52e-4f735466cecf\": \"5baa29ee-81c8-45a3-8bd6-63bf1ee5a774\"\n}, {\n   \"element-6066-11e4-a52e-4f735466cecf\": \"d6c8bb5b-4423-4c80-b3ab-a5bf8c5a0d10\"\n} ]\n"}, {"COMMAND": "[1708888817.104][INFO]: [de57c042eb8024d5a5743ee2ff2c0cc4] COMMAND GetElementText {\n   \"id\": \"5baa29ee-81c8-45a3-8bd6-63bf1ee5a774\"\n}\n", "RESPONSE": "[1708888817.128][INFO]: [de57c042eb8024d5a5743ee2ff2c0cc4] RESPONSE GetElementText \"Bill Gates\"\n"}, {"COMMAND": "[1708888817.147][INFO]: [de57c042eb8024d5a5743ee2ff2c0cc4] COMMAND ClickElement {\n   \"id\": \"5baa29ee-81c8-45a3-8bd6-63bf1ee5a774\"\n}\n", "RESPONSE": "[1708888818.529][INFO]: [de57c042eb8024d5a5743ee2ff2c0cc4] RESPONSE ClickElement\n"}, {"COMMAND": "[1708888818.547][INFO]: [de57c042eb8024d5a5743ee2ff2c0cc4] COMMAND GetUrl {\n\n}\n", "RESPONSE": "[1708888818.555][INFO]: [de57c042eb8024d5a5743ee2ff2c0cc4] RESPONSE GetUrl \"https://en.wikipedia.org/wiki/Bill_Gates\"\n"}, {"COMMAND": "[1708888818.577][INFO]: [de57c042eb8024d5a5743ee2ff2c0cc4] COMMAND Navigate {\n   \"url\": \"https://en.wikipedia.org/\"\n}\n", "RESPONSE": "[1708888819.045][INFO]: [de57c042eb8024d5a5743ee2ff2c0cc4] RESPONSE Navigate\n"}, {"COMMAND": "[1708888819.074][INFO]: [de57c042eb8024d5a5743ee2ff2c0cc4] COMMAND FindElement {\n   \"using\": \"css selector\",\n   \"value\": \"#vector\\\\-main\\\\-menu\\\\-dropdown\\\\-checkbox\"\n}\n", "RESPONSE": "[1708888819.133][INFO]: [de57c042eb8024d5a5743ee2ff2c0cc4] RESPONSE FindElement {\n   \"element-6066-11e4-a52e-4f735466cecf\": \"83f0be75-a6e8-4969-90c1-6b16b3f0f8c9\"\n}\n"}, {"COMMAND": "[1708888819.153][INFO]: [de57c042eb8024d5a5743ee2ff2c0cc4] COMMAND ClickElement {\n   \"id\": \"83f0be75-a6e8-4969-90c1-6b16b3f0f8c9\"\n}\n", "RESPONSE": "[1708888819.299][INFO]: [de57c042eb8024d5a5743ee2ff2c0cc4] RESPONSE ClickElement\n"}, {"COMMAND": "[1708888819.328][INFO]: [de57c042eb8024d5a5743ee2ff2c0cc4] COMMAND FindElement {\n   \"using\": \"xpath\",\n   \"value\": \"//*[@id='n-aboutsite']/a\"\n}\n", "RESPONSE": "[1708888819.381][INFO]: [de57c042eb8024d5a5743ee2ff2c0cc4] RESPONSE FindElement {\n   \"element-6066-11e4-a52e-4f735466cecf\": \"12d6034d-9aea-4034-ba18-cafee6a86c90\"\n}\n"}, {"COMMAND": "[1708888819.409][INFO]: [de57c042eb8024d5a5743ee2ff2c0cc4] COMMAND ClickElement {\n   \"id\": \"12d6034d-9aea-4034-ba18-cafee6a86c90\"\n}\n", "RESPONSE": "[1708888819.840][INFO]: [de57c042eb8024d5a5743ee2ff2c0cc4] RESPONSE ClickElement\n"}, {"COMMAND": "[1708888819.857][INFO]: [de57c042eb8024d5a5743ee2ff2c0cc4] COMMAND GetUrl {\n\n}\n", "RESPONSE": "[1708888819.906][INFO]: [de57c042eb8024d5a5743ee2ff2c0cc4] RESPONSE GetUrl \"https://en.wikipedia.org/wiki/Wikipedia:About\"\n"}]}