{"actions": [{"COMMAND": null, "RESPONSE": null}, {"COMMAND": "[1713101586.554][INFO]: [5ddc1bbc0074fc351f87a2570358cafc] COMMAND InitSession {\n   \"capabilities\": {\n      \"firstMatch\": [ {\n         \"browserName\": \"chrome\",\n         \"goog:chromeOptions\": {\n            \"args\": [  ],\n            \"extensions\": [  ]\n         },\n         \"goog:loggingPrefs\": {\n            \"browser\": \"ALL\",\n            \"driver\": \"ALL\"\n         }\n      } ]\n   }\n}\n", "RESPONSE": "[1713101587.715][INFO]: [5ddc1bbc0074fc351f87a2570358cafc] RESPONSE InitSession {\n   \"capabilities\": {\n      \"acceptInsecureCerts\": false,\n      \"browserName\": \"chrome\",\n      \"browserVersion\": \"123.0.6312.122\",\n      \"chrome\": {\n         \"chromedriverVersion\": \"123.0.6312.122 (31f8248cdd90acbac59f700b603fed0b5967ca50-refs/branch-heads/6312@{#824})\",\n         \"userDataDir\": \"C:\\\\Users\\\\VISU\\\\AppData\\\\Local\\\\Temp\\\\scoped_dir24396_952131636\"\n      },\n      \"fedcm:accounts\": true,\n      \"goog:chromeOptions\": {\n         \"debuggerAddress\": \"localhost:54791\"\n      },\n      \"networkConnectionEnabled\": false,\n      \"pageLoadStrategy\": \"normal\",\n      \"platformName\": \"windows\",\n      \"proxy\": {\n      },\n      \"setWindowRect\": true,\n      \"strictFileInteractability\": false,\n      \"timeouts\": {\n         \"implicit\": 0,\n         \"pageLoad\": 300000,\n         \"script\": 30000\n      },\n      \"unhandledPromptBehavior\": \"dismiss and notify\",\n      \"webauthn:extension:credBlob\": true,\n      \"webauthn:extension:largeBlob\": true,\n      \"webauthn:extension:minPinLength\": true,\n      \"webauthn:extension:prf\": true,\n      \"webauthn:virtualAuthenticators\": true\n   },\n   \"sessionId\": \"5ddc1bbc0074fc351f87a2570358cafc\"\n}\n"}, {"COMMAND": "[1713101588.111][INFO]: [5ddc1bbc0074fc351f87a2570358cafc] COMMAND MaximizeWindow {\n}\n", "RESPONSE": "[1713101588.241][INFO]: [5ddc1bbc0074fc351f87a2570358cafc] RESPONSE MaximizeWindow {\n   \"height\": 832,\n   \"width\": 1552,\n   \"x\": -8,\n   \"y\": -8\n}\n"}, {"COMMAND": "[1713101588.270][INFO]: [5ddc1bbc0074fc351f87a2570358cafc] COMMAND Navigate {\n   \"url\": \"https://www.google.com\"\n}\n", "RESPONSE": "[1713101588.656][INFO]: [5ddc1bbc0074fc351f87a2570358cafc] RESPONSE Navigate\n"}, {"COMMAND": "[1713101588.684][INFO]: [5ddc1bbc0074fc351f87a2570358cafc] COMMAND GetUrl {\n}\n", "RESPONSE": "[1713101589.744][INFO]: [5ddc1bbc0074fc351f87a2570358cafc] RESPONSE GetUrl \"https://www.google.com/\"\n"}, {"COMMAND": "[1713101589.753][INFO]: [5ddc1bbc0074fc351f87a2570358cafc] COMMAND FindElement {\n   \"using\": \"css selector\",\n   \"value\": \"*[name='q']\"\n}\n", "RESPONSE": "[1713101589.769][INFO]: [5ddc1bbc0074fc351f87a2570358cafc] RESPONSE FindElement {\n   \"element-6066-11e4-a52e-4f735466cecf\": \"f.65750A4EFE3F250CBD31E0D9360BE9E2.d.3DC1BCF15E6924DE679740748F74F636.e.2\"\n}\n"}, {"COMMAND": "[1713101589.786][INFO]: [5ddc1bbc0074fc351f87a2570358cafc] COMMAND TypeElement {\n   \"id\": \"f.65750A4EFE3F250CBD31E0D9360BE9E2.d.3DC1BCF15E6924DE679740748F74F636.e.2\",\n   \"text\": \"calculator\",\n   \"value\": [ \"c\", \"a\", \"l\", \"c\", \"u\", \"l\", \"a\", \"t\", \"o\", \"r\" ]\n}\n", "RESPONSE": "[1713101589.872][INFO]: [5ddc1bbc0074fc351f87a2570358cafc] RESPONSE TypeElement\n"}, {"COMMAND": "[1713101589.884][INFO]: [5ddc1bbc0074fc351f87a2570358cafc] COMMAND TypeElement {\n   \"id\": \"f.65750A4EFE3F250CBD31E0D9360BE9E2.d.3DC1BCF15E6924DE679740748F74F636.e.2\",\n   \"text\": \"\u00ee\u20ac\u2021\",\n   \"value\": [ \"\u00ee\u20ac\u2021\" ]\n}\n", "RESPONSE": "[1713101590.113][INFO]: [5ddc1bbc0074fc351f87a2570358cafc] RESPONSE TypeElement\n"}, {"COMMAND": "[1713101590.131][INFO]: [5ddc1bbc0074fc351f87a2570358cafc] COMMAND FindElement {\n   \"using\": \"xpath\",\n   \"value\": \"//*[@id='rso']/div[1]/div/div/div/div[1]/div/h2\"\n}\n", "RESPONSE": "[1713101590.929][INFO]: [5ddc1bbc0074fc351f87a2570358cafc] RESPONSE FindElement {\n   \"element-6066-11e4-a52e-4f735466cecf\": \"f.65750A4EFE3F250CBD31E0D9360BE9E2.d.19C39630F1EB12FD4CDA84BB83A8A2D8.e.90\"\n}\n"}, {"COMMAND": "[1713101590.973][INFO]: [5ddc1bbc0074fc351f87a2570358cafc] COMMAND FindElement {\n   \"using\": \"xpath\",\n   \"value\": \"//*[@id='rso']/div[1]/div/div/div/div[1]/div/h2\"\n}\n", "RESPONSE": "[1713101590.982][INFO]: [5ddc1bbc0074fc351f87a2570358cafc] RESPONSE FindElement {\n   \"element-6066-11e4-a52e-4f735466cecf\": \"f.65750A4EFE3F250CBD31E0D9360BE9E2.d.19C39630F1EB12FD4CDA84BB83A8A2D8.e.90\"\n}\n"}, {"COMMAND": "[1713101590.986][INFO]: [5ddc1bbc0074fc351f87a2570358cafc] COMMAND GetElementText {\n   \"id\": \"f.65750A4EFE3F250CBD31E0D9360BE9E2.d.19C39630F1EB12FD4CDA84BB83A8A2D8.e.90\"\n}\n", "RESPONSE": "[1713101591.009][INFO]: [5ddc1bbc0074fc351f87a2570358cafc] RESPONSE GetElementText \"Calculator result\"\n"}, {"COMMAND": "[1713101591.014][INFO]: [5ddc1bbc0074fc351f87a2570358cafc] COMMAND FindElement {\n   \"using\": \"css selector\",\n   \"value\": \"#cwos\"\n}\n", "RESPONSE": "[1713101591.029][INFO]: [5ddc1bbc0074fc351f87a2570358cafc] RESPONSE FindElement {\n   \"element-6066-11e4-a52e-4f735466cecf\": \"f.65750A4EFE3F250CBD31E0D9360BE9E2.d.19C39630F1EB12FD4CDA84BB83A8A2D8.e.91\"\n}\n"}, {"COMMAND": "[1713101591.033][INFO]: [5ddc1bbc0074fc351f87a2570358cafc] COMMAND GetElementText {\n   \"id\": \"f.65750A4EFE3F250CBD31E0D9360BE9E2.d.19C39630F1EB12FD4CDA84BB83A8A2D8.e.91\"\n}\n", "RESPONSE": "[1713101591.041][INFO]: [5ddc1bbc0074fc351f87a2570358cafc] RESPONSE GetElementText \"0\"\n"}, {"COMMAND": "[1713101591.047][INFO]: [5ddc1bbc0074fc351f87a2570358cafc] COMMAND FindElement {\n   \"using\": \"xpath\",\n   \"value\": \"//div[@jsname='Ax5wH']\"\n}\n", "RESPONSE": "[1713101591.119][INFO]: [5ddc1bbc0074fc351f87a2570358cafc] RESPONSE FindElement {\n   \"element-6066-11e4-a52e-4f735466cecf\": \"f.65750A4EFE3F250CBD31E0D9360BE9E2.d.19C39630F1EB12FD4CDA84BB83A8A2D8.e.92\"\n}\n"}, {"COMMAND": "[1713101591.124][INFO]: [5ddc1bbc0074fc351f87a2570358cafc] COMMAND ClickElement {\n   \"id\": \"f.65750A4EFE3F250CBD31E0D9360BE9E2.d.19C39630F1EB12FD4CDA84BB83A8A2D8.e.92\"\n}\n", "RESPONSE": "[1713101591.198][INFO]: [5ddc1bbc0074fc351f87a2570358cafc] RESPONSE ClickElement\n"}, {"COMMAND": "[1713101591.203][INFO]: [5ddc1bbc0074fc351f87a2570358cafc] COMMAND FindElement {\n   \"using\": \"xpath\",\n   \"value\": \"//div[@jsname='XSr6wc']\"\n}\n", "RESPONSE": "[1713101591.256][INFO]: [5ddc1bbc0074fc351f87a2570358cafc] RESPONSE FindElement {\n   \"element-6066-11e4-a52e-4f735466cecf\": \"f.65750A4EFE3F250CBD31E0D9360BE9E2.d.19C39630F1EB12FD4CDA84BB83A8A2D8.e.93\"\n}\n"}, {"COMMAND": "[1713101591.261][INFO]: [5ddc1bbc0074fc351f87a2570358cafc] COMMAND ClickElement {\n   \"id\": \"f.65750A4EFE3F250CBD31E0D9360BE9E2.d.19C39630F1EB12FD4CDA84BB83A8A2D8.e.93\"\n}\n", "RESPONSE": "[1713101591.314][INFO]: [5ddc1bbc0074fc351f87a2570358cafc] RESPONSE ClickElement\n"}, {"COMMAND": "[1713101591.318][INFO]: [5ddc1bbc0074fc351f87a2570358cafc] COMMAND FindElement {\n   \"using\": \"xpath\",\n   \"value\": \"//div[@jsname='rk7bOd']\"\n}\n", "RESPONSE": "[1713101591.332][INFO]: [5ddc1bbc0074fc351f87a2570358cafc] RESPONSE FindElement {\n   \"element-6066-11e4-a52e-4f735466cecf\": \"f.65750A4EFE3F250CBD31E0D9360BE9E2.d.19C39630F1EB12FD4CDA84BB83A8A2D8.e.96\"\n}\n"}, {"COMMAND": "[1713101591.336][INFO]: [5ddc1bbc0074fc351f87a2570358cafc] COMMAND ClickElement {\n   \"id\": \"f.65750A4EFE3F250CBD31E0D9360BE9E2.d.19C39630F1EB12FD4CDA84BB83A8A2D8.e.96\"\n}\n", "RESPONSE": "[1713101591.379][INFO]: [5ddc1bbc0074fc351f87a2570358cafc] RESPONSE ClickElement\n"}, {"COMMAND": "[1713101591.383][INFO]: [5ddc1bbc0074fc351f87a2570358cafc] COMMAND FindElement {\n   \"using\": \"xpath\",\n   \"value\": \"//div[@jsname='Pt8tGc']\"\n}\n", "RESPONSE": "[1713101591.399][INFO]: [5ddc1bbc0074fc351f87a2570358cafc] RESPONSE FindElement {\n   \"element-6066-11e4-a52e-4f735466cecf\": \"f.65750A4EFE3F250CBD31E0D9360BE9E2.d.19C39630F1EB12FD4CDA84BB83A8A2D8.e.97\"\n}\n"}, {"COMMAND": "[1713101591.403][INFO]: [5ddc1bbc0074fc351f87a2570358cafc] COMMAND ClickElement {\n   \"id\": \"f.65750A4EFE3F250CBD31E0D9360BE9E2.d.19C39630F1EB12FD4CDA84BB83A8A2D8.e.97\"\n}\n", "RESPONSE": "[1713101591.450][INFO]: [5ddc1bbc0074fc351f87a2570358cafc] RESPONSE ClickElement\n"}, {"COMMAND": "[1713101591.454][INFO]: [5ddc1bbc0074fc351f87a2570358cafc] COMMAND FindElement {\n   \"using\": \"css selector\",\n   \"value\": \"#cwos\"\n}\n", "RESPONSE": "[1713101591.467][INFO]: [5ddc1bbc0074fc351f87a2570358cafc] RESPONSE FindElement {\n   \"element-6066-11e4-a52e-4f735466cecf\": \"f.65750A4EFE3F250CBD31E0D9360BE9E2.d.19C39630F1EB12FD4CDA84BB83A8A2D8.e.91\"\n}\n"}, {"COMMAND": "[1713101591.471][INFO]: [5ddc1bbc0074fc351f87a2570358cafc] COMMAND GetElementText {\n   \"id\": \"f.65750A4EFE3F250CBD31E0D9360BE9E2.d.19C39630F1EB12FD4CDA84BB83A8A2D8.e.91\"\n}\n", "RESPONSE": "[1713101591.481][INFO]: [5ddc1bbc0074fc351f87a2570358cafc] RESPONSE GetElementText \"12\"\n"}, {"COMMAND": "[1713101591.485][INFO]: [5ddc1bbc0074fc351f87a2570358cafc] COMMAND FindElement {\n   \"using\": \"xpath\",\n   \"value\": \"//div[@jsname='SLn8gc']\"\n}\n", "RESPONSE": "[1713101591.506][INFO]: [5ddc1bbc0074fc351f87a2570358cafc] RESPONSE FindElement {\n   \"element-6066-11e4-a52e-4f735466cecf\": \"f.65750A4EFE3F250CBD31E0D9360BE9E2.d.19C39630F1EB12FD4CDA84BB83A8A2D8.e.100\"\n}\n"}, {"COMMAND": "[1713101591.511][INFO]: [5ddc1bbc0074fc351f87a2570358cafc] COMMAND ClickElement {\n   \"id\": \"f.65750A4EFE3F250CBD31E0D9360BE9E2.d.19C39630F1EB12FD4CDA84BB83A8A2D8.e.100\"\n}\n", "RESPONSE": "[1713101591.582][INFO]: [5ddc1bbc0074fc351f87a2570358cafc] RESPONSE ClickElement\n"}, {"COMMAND": "[1713101591.586][INFO]: [5ddc1bbc0074fc351f87a2570358cafc] COMMAND FindElement {\n   \"using\": \"xpath\",\n   \"value\": \"//div[@jsname='N10B9']\"\n}\n", "RESPONSE": "[1713101591.612][INFO]: [5ddc1bbc0074fc351f87a2570358cafc] RESPONSE FindElement {\n   \"element-6066-11e4-a52e-4f735466cecf\": \"f.65750A4EFE3F250CBD31E0D9360BE9E2.d.19C39630F1EB12FD4CDA84BB83A8A2D8.e.102\"\n}\n"}, {"COMMAND": "[1713101591.617][INFO]: [5ddc1bbc0074fc351f87a2570358cafc] COMMAND ClickElement {\n   \"id\": \"f.65750A4EFE3F250CBD31E0D9360BE9E2.d.19C39630F1EB12FD4CDA84BB83A8A2D8.e.102\"\n}\n", "RESPONSE": "[1713101591.672][INFO]: [5ddc1bbc0074fc351f87a2570358cafc] RESPONSE ClickElement\n"}, {"COMMAND": "[1713101591.676][INFO]: [5ddc1bbc0074fc351f87a2570358cafc] COMMAND FindElement {\n   \"using\": \"xpath\",\n   \"value\": \"//div[@jsname='Ax5wH']\"\n}\n", "RESPONSE": "[1713101591.685][INFO]: [5ddc1bbc0074fc351f87a2570358cafc] RESPONSE FindElement {\n   \"element-6066-11e4-a52e-4f735466cecf\": \"f.65750A4EFE3F250CBD31E0D9360BE9E2.d.19C39630F1EB12FD4CDA84BB83A8A2D8.e.92\"\n}\n"}, {"COMMAND": "[1713101591.690][INFO]: [5ddc1bbc0074fc351f87a2570358cafc] COMMAND ClickElement {\n   \"id\": \"f.65750A4EFE3F250CBD31E0D9360BE9E2.d.19C39630F1EB12FD4CDA84BB83A8A2D8.e.92\"\n}\n", "RESPONSE": "[1713101591.731][INFO]: [5ddc1bbc0074fc351f87a2570358cafc] RESPONSE ClickElement\n"}, {"COMMAND": "[1713101591.735][INFO]: [5ddc1bbc0074fc351f87a2570358cafc] COMMAND FindElement {\n   \"using\": \"xpath\",\n   \"value\": \"//div[@jsname='pPHzQc']\"\n}\n", "RESPONSE": "[1713101591.750][INFO]: [5ddc1bbc0074fc351f87a2570358cafc] RESPONSE FindElement {\n   \"element-6066-11e4-a52e-4f735466cecf\": \"f.65750A4EFE3F250CBD31E0D9360BE9E2.d.19C39630F1EB12FD4CDA84BB83A8A2D8.e.103\"\n}\n"}, {"COMMAND": "[1713101591.754][INFO]: [5ddc1bbc0074fc351f87a2570358cafc] COMMAND ClickElement {\n   \"id\": \"f.65750A4EFE3F250CBD31E0D9360BE9E2.d.19C39630F1EB12FD4CDA84BB83A8A2D8.e.103\"\n}\n", "RESPONSE": "[1713101591.803][INFO]: [5ddc1bbc0074fc351f87a2570358cafc] RESPONSE ClickElement\n"}, {"COMMAND": "[1713101591.807][INFO]: [5ddc1bbc0074fc351f87a2570358cafc] COMMAND FindElement {\n   \"using\": \"xpath\",\n   \"value\": \"//div[@jsname='T7PMFe']\"\n}\n", "RESPONSE": "[1713101591.820][INFO]: [5ddc1bbc0074fc351f87a2570358cafc] RESPONSE FindElement {\n   \"element-6066-11e4-a52e-4f735466cecf\": \"f.65750A4EFE3F250CBD31E0D9360BE9E2.d.19C39630F1EB12FD4CDA84BB83A8A2D8.e.104\"\n}\n"}, {"COMMAND": "[1713101591.824][INFO]: [5ddc1bbc0074fc351f87a2570358cafc] COMMAND ClickElement {\n   \"id\": \"f.65750A4EFE3F250CBD31E0D9360BE9E2.d.19C39630F1EB12FD4CDA84BB83A8A2D8.e.104\"\n}\n", "RESPONSE": "[1713101591.863][INFO]: [5ddc1bbc0074fc351f87a2570358cafc] RESPONSE ClickElement\n"}, {"COMMAND": "[1713101591.867][INFO]: [5ddc1bbc0074fc351f87a2570358cafc] COMMAND FindElement {\n   \"using\": \"xpath\",\n   \"value\": \"//div[@jsname='Pt8tGc']\"\n}\n", "RESPONSE": "[1713101591.876][INFO]: [5ddc1bbc0074fc351f87a2570358cafc] RESPONSE FindElement {\n   \"element-6066-11e4-a52e-4f735466cecf\": \"f.65750A4EFE3F250CBD31E0D9360BE9E2.d.19C39630F1EB12FD4CDA84BB83A8A2D8.e.97\"\n}\n"}, {"COMMAND": "[1713101591.880][INFO]: [5ddc1bbc0074fc351f87a2570358cafc] COMMAND ClickElement {\n   \"id\": \"f.65750A4EFE3F250CBD31E0D9360BE9E2.d.19C39630F1EB12FD4CDA84BB83A8A2D8.e.97\"\n}\n", "RESPONSE": "[1713101591.926][INFO]: [5ddc1bbc0074fc351f87a2570358cafc] RESPONSE ClickElement\n"}, {"COMMAND": "[1713101591.932][INFO]: [5ddc1bbc0074fc351f87a2570358cafc] COMMAND GetElementText {\n   \"id\": \"f.65750A4EFE3F250CBD31E0D9360BE9E2.d.19C39630F1EB12FD4CDA84BB83A8A2D8.e.91\"\n}\n", "RESPONSE": "[1713101591.947][INFO]: [5ddc1bbc0074fc351f87a2570358cafc] RESPONSE GetElementText \"7\"\n"}, {"COMMAND": "[1713101591.953][INFO]: [5ddc1bbc0074fc351f87a2570358cafc] COMMAND FindElement {\n   \"using\": \"xpath\",\n   \"value\": \"//div[@jsname='N10B9']\"\n}\n", "RESPONSE": "[1713101591.971][INFO]: [5ddc1bbc0074fc351f87a2570358cafc] RESPONSE FindElement {\n   \"element-6066-11e4-a52e-4f735466cecf\": \"f.65750A4EFE3F250CBD31E0D9360BE9E2.d.19C39630F1EB12FD4CDA84BB83A8A2D8.e.102\"\n}\n"}, {"COMMAND": "[1713101591.978][INFO]: [5ddc1bbc0074fc351f87a2570358cafc] COMMAND ClickElement {\n   \"id\": \"f.65750A4EFE3F250CBD31E0D9360BE9E2.d.19C39630F1EB12FD4CDA84BB83A8A2D8.e.102\"\n}\n", "RESPONSE": "[1713101592.054][INFO]: [5ddc1bbc0074fc351f87a2570358cafc] RESPONSE ClickElement\n"}, {"COMMAND": "[1713101592.058][INFO]: [5ddc1bbc0074fc351f87a2570358cafc] COMMAND FindElement {\n   \"using\": \"xpath\",\n   \"value\": \"//div[@jsname='bkEvMb']\"\n}\n", "RESPONSE": "[1713101592.082][INFO]: [5ddc1bbc0074fc351f87a2570358cafc] RESPONSE FindElement {\n   \"element-6066-11e4-a52e-4f735466cecf\": \"f.65750A4EFE3F250CBD31E0D9360BE9E2.d.19C39630F1EB12FD4CDA84BB83A8A2D8.e.107\"\n}\n"}, {"COMMAND": "[1713101592.087][INFO]: [5ddc1bbc0074fc351f87a2570358cafc] COMMAND ClickElement {\n   \"id\": \"f.65750A4EFE3F250CBD31E0D9360BE9E2.d.19C39630F1EB12FD4CDA84BB83A8A2D8.e.107\"\n}\n", "RESPONSE": "[1713101592.153][INFO]: [5ddc1bbc0074fc351f87a2570358cafc] RESPONSE ClickElement\n"}, {"COMMAND": "[1713101592.159][INFO]: [5ddc1bbc0074fc351f87a2570358cafc] COMMAND FindElement {\n   \"using\": \"xpath\",\n   \"value\": \"//div[@jsname='YovRWb']\"\n}\n", "RESPONSE": "[1713101592.174][INFO]: [5ddc1bbc0074fc351f87a2570358cafc] RESPONSE FindElement {\n   \"element-6066-11e4-a52e-4f735466cecf\": \"f.65750A4EFE3F250CBD31E0D9360BE9E2.d.19C39630F1EB12FD4CDA84BB83A8A2D8.e.27\"\n}\n"}, {"COMMAND": "[1713101592.179][INFO]: [5ddc1bbc0074fc351f87a2570358cafc] COMMAND ClickElement {\n   \"id\": \"f.65750A4EFE3F250CBD31E0D9360BE9E2.d.19C39630F1EB12FD4CDA84BB83A8A2D8.e.27\"\n}\n", "RESPONSE": "[1713101592.224][INFO]: [5ddc1bbc0074fc351f87a2570358cafc] RESPONSE ClickElement\n"}, {"COMMAND": "[1713101592.228][INFO]: [5ddc1bbc0074fc351f87a2570358cafc] COMMAND FindElement {\n   \"using\": \"xpath\",\n   \"value\": \"//div[@jsname='KN1kY']\"\n}\n", "RESPONSE": "[1713101592.243][INFO]: [5ddc1bbc0074fc351f87a2570358cafc] RESPONSE FindElement {\n   \"element-6066-11e4-a52e-4f735466cecf\": \"f.65750A4EFE3F250CBD31E0D9360BE9E2.d.19C39630F1EB12FD4CDA84BB83A8A2D8.e.108\"\n}\n"}, {"COMMAND": "[1713101592.248][INFO]: [5ddc1bbc0074fc351f87a2570358cafc] COMMAND ClickElement {\n   \"id\": \"f.65750A4EFE3F250CBD31E0D9360BE9E2.d.19C39630F1EB12FD4CDA84BB83A8A2D8.e.108\"\n}\n", "RESPONSE": "[1713101592.297][INFO]: [5ddc1bbc0074fc351f87a2570358cafc] RESPONSE ClickElement\n"}, {"COMMAND": "[1713101592.301][INFO]: [5ddc1bbc0074fc351f87a2570358cafc] COMMAND FindElement {\n   \"using\": \"xpath\",\n   \"value\": \"//div[@jsname='Pt8tGc']\"\n}\n", "RESPONSE": "[1713101592.310][INFO]: [5ddc1bbc0074fc351f87a2570358cafc] RESPONSE FindElement {\n   \"element-6066-11e4-a52e-4f735466cecf\": \"f.65750A4EFE3F250CBD31E0D9360BE9E2.d.19C39630F1EB12FD4CDA84BB83A8A2D8.e.97\"\n}\n"}, {"COMMAND": "[1713101592.314][INFO]: [5ddc1bbc0074fc351f87a2570358cafc] COMMAND ClickElement {\n   \"id\": \"f.65750A4EFE3F250CBD31E0D9360BE9E2.d.19C39630F1EB12FD4CDA84BB83A8A2D8.e.97\"\n}\n", "RESPONSE": "[1713101592.359][INFO]: [5ddc1bbc0074fc351f87a2570358cafc] RESPONSE ClickElement\n"}, {"COMMAND": "[1713101592.362][INFO]: [5ddc1bbc0074fc351f87a2570358cafc] COMMAND FindElement {\n   \"using\": \"css selector\",\n   \"value\": \"#cwos\"\n}\n", "RESPONSE": "[1713101592.373][INFO]: [5ddc1bbc0074fc351f87a2570358cafc] RESPONSE FindElement {\n   \"element-6066-11e4-a52e-4f735466cecf\": \"f.65750A4EFE3F250CBD31E0D9360BE9E2.d.19C39630F1EB12FD4CDA84BB83A8A2D8.e.91\"\n}\n"}, {"COMMAND": "[1713101592.377][INFO]: [5ddc1bbc0074fc351f87a2570358cafc] COMMAND GetElementText {\n   \"id\": \"f.65750A4EFE3F250CBD31E0D9360BE9E2.d.19C39630F1EB12FD4CDA84BB83A8A2D8.e.91\"\n}\n", "RESPONSE": "[1713101592.391][INFO]: [5ddc1bbc0074fc351f87a2570358cafc] RESPONSE GetElementText \"30\"\n"}, {"COMMAND": "[1713101592.395][INFO]: [5ddc1bbc0074fc351f87a2570358cafc] COMMAND FindElement {\n   \"using\": \"xpath\",\n   \"value\": \"//div[@jsname='SLn8gc']\"\n}\n", "RESPONSE": "[1713101592.405][INFO]: [5ddc1bbc0074fc351f87a2570358cafc] RESPONSE FindElement {\n   \"element-6066-11e4-a52e-4f735466cecf\": \"f.65750A4EFE3F250CBD31E0D9360BE9E2.d.19C39630F1EB12FD4CDA84BB83A8A2D8.e.100\"\n}\n"}, {"COMMAND": "[1713101592.409][INFO]: [5ddc1bbc0074fc351f87a2570358cafc] COMMAND ClickElement {\n   \"id\": \"f.65750A4EFE3F250CBD31E0D9360BE9E2.d.19C39630F1EB12FD4CDA84BB83A8A2D8.e.100\"\n}\n", "RESPONSE": "[1713101592.465][INFO]: [5ddc1bbc0074fc351f87a2570358cafc] RESPONSE ClickElement\n"}, {"COMMAND": "[1713101592.469][INFO]: [5ddc1bbc0074fc351f87a2570358cafc] COMMAND GetElementText {\n   \"id\": \"f.65750A4EFE3F250CBD31E0D9360BE9E2.d.19C39630F1EB12FD4CDA84BB83A8A2D8.e.91\"\n}\n", "RESPONSE": "[1713101592.481][INFO]: [5ddc1bbc0074fc351f87a2570358cafc] RESPONSE GetElementText \"0\"\n"}, {"COMMAND": "[1713101592.485][INFO]: [5ddc1bbc0074fc351f87a2570358cafc] COMMAND FindElement {\n   \"using\": \"xpath\",\n   \"value\": \"//div[@jsname='lVjWed']\"\n}\n", "RESPONSE": "[1713101592.506][INFO]: [5ddc1bbc0074fc351f87a2570358cafc] RESPONSE FindElement {\n   \"element-6066-11e4-a52e-4f735466cecf\": \"f.65750A4EFE3F250CBD31E0D9360BE9E2.d.19C39630F1EB12FD4CDA84BB83A8A2D8.e.111\"\n}\n"}, {"COMMAND": "[1713101592.511][INFO]: [5ddc1bbc0074fc351f87a2570358cafc] COMMAND ClickElement {\n   \"id\": \"f.65750A4EFE3F250CBD31E0D9360BE9E2.d.19C39630F1EB12FD4CDA84BB83A8A2D8.e.111\"\n}\n", "RESPONSE": "[1713101592.571][INFO]: [5ddc1bbc0074fc351f87a2570358cafc] RESPONSE ClickElement\n"}, {"COMMAND": "[1713101592.576][INFO]: [5ddc1bbc0074fc351f87a2570358cafc] COMMAND FindElement {\n   \"using\": \"xpath\",\n   \"value\": \"//div[@jsname='bkEvMb']\"\n}\n", "RESPONSE": "[1713101592.584][INFO]: [5ddc1bbc0074fc351f87a2570358cafc] RESPONSE FindElement {\n   \"element-6066-11e4-a52e-4f735466cecf\": \"f.65750A4EFE3F250CBD31E0D9360BE9E2.d.19C39630F1EB12FD4CDA84BB83A8A2D8.e.107\"\n}\n"}, {"COMMAND": "[1713101592.588][INFO]: [5ddc1bbc0074fc351f87a2570358cafc] COMMAND ClickElement {\n   \"id\": \"f.65750A4EFE3F250CBD31E0D9360BE9E2.d.19C39630F1EB12FD4CDA84BB83A8A2D8.e.107\"\n}\n", "RESPONSE": "[1713101592.627][INFO]: [5ddc1bbc0074fc351f87a2570358cafc] RESPONSE ClickElement\n"}, {"COMMAND": "[1713101592.633][INFO]: [5ddc1bbc0074fc351f87a2570358cafc] COMMAND FindElement {\n   \"using\": \"xpath\",\n   \"value\": \"//div[@jsname='WxTTNd']\"\n}\n", "RESPONSE": "[1713101592.646][INFO]: [5ddc1bbc0074fc351f87a2570358cafc] RESPONSE FindElement {\n   \"element-6066-11e4-a52e-4f735466cecf\": \"f.65750A4EFE3F250CBD31E0D9360BE9E2.d.19C39630F1EB12FD4CDA84BB83A8A2D8.e.94\"\n}\n"}, {"COMMAND": "[1713101592.649][INFO]: [5ddc1bbc0074fc351f87a2570358cafc] COMMAND ClickElement {\n   \"id\": \"f.65750A4EFE3F250CBD31E0D9360BE9E2.d.19C39630F1EB12FD4CDA84BB83A8A2D8.e.94\"\n}\n", "RESPONSE": "[1713101592.689][INFO]: [5ddc1bbc0074fc351f87a2570358cafc] RESPONSE ClickElement\n"}, {"COMMAND": "[1713101592.694][INFO]: [5ddc1bbc0074fc351f87a2570358cafc] COMMAND FindElement {\n   \"using\": \"xpath\",\n   \"value\": \"//div[@jsname='xAP7E']\"\n}\n", "RESPONSE": "[1713101592.710][INFO]: [5ddc1bbc0074fc351f87a2570358cafc] RESPONSE FindElement {\n   \"element-6066-11e4-a52e-4f735466cecf\": \"f.65750A4EFE3F250CBD31E0D9360BE9E2.d.19C39630F1EB12FD4CDA84BB83A8A2D8.e.112\"\n}\n"}, {"COMMAND": "[1713101592.714][INFO]: [5ddc1bbc0074fc351f87a2570358cafc] COMMAND ClickElement {\n   \"id\": \"f.65750A4EFE3F250CBD31E0D9360BE9E2.d.19C39630F1EB12FD4CDA84BB83A8A2D8.e.112\"\n}\n", "RESPONSE": "[1713101592.760][INFO]: [5ddc1bbc0074fc351f87a2570358cafc] RESPONSE ClickElement\n"}, {"COMMAND": "[1713101592.765][INFO]: [5ddc1bbc0074fc351f87a2570358cafc] COMMAND FindElement {\n   \"using\": \"xpath\",\n   \"value\": \"//div[@jsname='Pt8tGc']\"\n}\n", "RESPONSE": "[1713101592.773][INFO]: [5ddc1bbc0074fc351f87a2570358cafc] RESPONSE FindElement {\n   \"element-6066-11e4-a52e-4f735466cecf\": \"f.65750A4EFE3F250CBD31E0D9360BE9E2.d.19C39630F1EB12FD4CDA84BB83A8A2D8.e.97\"\n}\n"}, {"COMMAND": "[1713101592.778][INFO]: [5ddc1bbc0074fc351f87a2570358cafc] COMMAND ClickElement {\n   \"id\": \"f.65750A4EFE3F250CBD31E0D9360BE9E2.d.19C39630F1EB12FD4CDA84BB83A8A2D8.e.97\"\n}\n", "RESPONSE": "[1713101592.815][INFO]: [5ddc1bbc0074fc351f87a2570358cafc] RESPONSE ClickElement\n"}, {"COMMAND": "[1713101592.820][INFO]: [5ddc1bbc0074fc351f87a2570358cafc] COMMAND FindElement {\n   \"using\": \"css selector\",\n   \"value\": \"#cwos\"\n}\n", "RESPONSE": "[1713101592.831][INFO]: [5ddc1bbc0074fc351f87a2570358cafc] RESPONSE FindElement {\n   \"element-6066-11e4-a52e-4f735466cecf\": \"f.65750A4EFE3F250CBD31E0D9360BE9E2.d.19C39630F1EB12FD4CDA84BB83A8A2D8.e.91\"\n}\n"}, {"COMMAND": "[1713101592.835][INFO]: [5ddc1bbc0074fc351f87a2570358cafc] COMMAND GetElementText {\n   \"id\": \"f.65750A4EFE3F250CBD31E0D9360BE9E2.d.19C39630F1EB12FD4CDA84BB83A8A2D8.e.91\"\n}\n", "RESPONSE": "[1713101592.848][INFO]: [5ddc1bbc0074fc351f87a2570358cafc] RESPONSE GetElementText \"5\"\n"}]}